file,line,type,commit,author,date,time,timezone,datetime,depth,length
style.css,1,css,8b8f22d3,Adrian,2025-01-16,20:59:13,-08:00,2025-01-16T20:59:13-08:00,0,6
style.css,2,css,e8c39b53,Adrian,2025-01-17,18:40:17,-08:00,2025-01-17T18:40:17-08:00,0,23
style.css,3,css,8b8f22d3,Adrian,2025-01-16,20:59:13,-08:00,2025-01-16T20:59:13-08:00,0,0
style.css,4,css,df4ade45,Adrian,2025-01-24,01:09:21,-08:00,2025-01-24T01:09:21-08:00,0,0
style.css,5,css,df4ade45,Adrian,2025-01-24,01:09:21,-08:00,2025-01-24T01:09:21-08:00,0,5
style.css,6,css,df4ade45,Adrian,2025-01-24,01:09:21,-08:00,2025-01-24T01:09:21-08:00,0,24
style.css,7,css,df4ade45,Adrian,2025-01-24,01:09:21,-08:00,2025-01-24T01:09:21-08:00,0,17
style.css,8,css,df4ade45,Adrian,2025-01-24,01:09:21,-08:00,2025-01-24T01:09:21-08:00,0,0
style.css,9,css,df4ade45,Adrian,2025-01-24,01:09:21,-08:00,2025-01-24T01:09:21-08:00,0,0
style.css,10,css,71458f92,Adrian,2025-01-09,23:38:58,-08:00,2025-01-09T23:38:58-08:00,0,5
style.css,11,css,71458f92,Adrian,2025-01-09,23:38:58,-08:00,2025-01-09T23:38:58-08:00,0,44
style.css,12,css,71458f92,Adrian,2025-01-09,23:38:58,-08:00,2025-01-09T23:38:58-08:00,0,43
style.css,13,css,71458f92,Adrian,2025-01-09,23:38:58,-08:00,2025-01-09T23:38:58-08:00,0,1
style.css,14,css,71458f92,Adrian,2025-01-09,23:38:58,-08:00,2025-01-09T23:38:58-08:00,0,24
style.css,15,css,8b8f22d3,Adrian,2025-01-16,20:59:13,-08:00,2025-01-16T20:59:13-08:00,0,16
style.css,16,css,8b8f22d3,Adrian,2025-01-16,20:59:13,-08:00,2025-01-16T20:59:13-08:00,0,43
style.css,17,css,8b8f22d3,Adrian,2025-01-16,20:59:13,-08:00,2025-01-16T20:59:13-08:00,0,14
style.css,18,css,8b8f22d3,Adrian,2025-01-16,20:59:13,-08:00,2025-01-16T20:59:13-08:00,0,21
style.css,19,css,8b8f22d3,Adrian,2025-01-16,20:59:13,-08:00,2025-01-16T20:59:13-08:00,0,14
style.css,20,css,7b82053a,Adrian,2025-02-08,23:07:48,-08:00,2025-02-08T23:07:48-08:00,0,18
style.css,21,css,8b8f22d3,Adrian,2025-01-16,20:59:13,-08:00,2025-01-16T20:59:13-08:00,0,14
style.css,22,css,8b8f22d3,Adrian,2025-01-16,20:59:13,-08:00,2025-01-16T20:59:13-08:00,0,33
style.css,23,css,8b8f22d3,Adrian,2025-01-16,20:59:13,-08:00,2025-01-16T20:59:13-08:00,0,0
style.css,24,css,8b8f22d3,Adrian,2025-01-16,20:59:13,-08:00,2025-01-16T20:59:13-08:00,0,0
style.css,25,css,8b8f22d3,Adrian,2025-01-16,20:59:13,-08:00,2025-01-16T20:59:13-08:00,0,3
style.css,26,css,8b8f22d3,Adrian,2025-01-16,20:59:13,-08:00,2025-01-16T20:59:13-08:00,0,16
style.css,27,css,8b8f22d3,Adrian,2025-01-16,20:59:13,-08:00,2025-01-16T20:59:13-08:00,0,0
style.css,28,css,8b8f22d3,Adrian,2025-01-16,20:59:13,-08:00,2025-01-16T20:59:13-08:00,0,0
style.css,29,css,8b8f22d3,Adrian,2025-01-16,20:59:13,-08:00,2025-01-16T20:59:13-08:00,0,3
style.css,30,css,8b8f22d3,Adrian,2025-01-16,20:59:13,-08:00,2025-01-16T20:59:13-08:00,0,16
style.css,31,css,8b8f22d3,Adrian,2025-01-16,20:59:13,-08:00,2025-01-16T20:59:13-08:00,0,0
style.css,32,css,8b8f22d3,Adrian,2025-01-16,20:59:13,-08:00,2025-01-16T20:59:13-08:00,0,0
style.css,33,css,8b8f22d3,Adrian,2025-01-16,20:59:13,-08:00,2025-01-16T20:59:13-08:00,0,4
style.css,34,css,8b8f22d3,Adrian,2025-01-16,20:59:13,-08:00,2025-01-16T20:59:13-08:00,0,13
style.css,35,css,8b8f22d3,Adrian,2025-01-16,20:59:13,-08:00,2025-01-16T20:59:13-08:00,0,19
style.css,36,css,8b8f22d3,Adrian,2025-01-16,20:59:13,-08:00,2025-01-16T20:59:13-08:00,0,24
style.css,37,css,8b8f22d3,Adrian,2025-01-16,20:59:13,-08:00,2025-01-16T20:59:13-08:00,0,26
style.css,38,css,df4ade45,Adrian,2025-01-24,01:09:21,-08:00,2025-01-24T01:09:21-08:00,0,45
style.css,39,css,8b8f22d3,Adrian,2025-01-16,20:59:13,-08:00,2025-01-16T20:59:13-08:00,0,0
style.css,40,css,8b8f22d3,Adrian,2025-01-16,20:59:13,-08:00,2025-01-16T20:59:13-08:00,0,0
style.css,41,css,8b8f22d3,Adrian,2025-01-16,20:59:13,-08:00,2025-01-16T20:59:13-08:00,0,2
style.css,42,css,8b8f22d3,Adrian,2025-01-16,20:59:13,-08:00,2025-01-16T20:59:13-08:00,0,7
style.css,43,css,8b8f22d3,Adrian,2025-01-16,20:59:13,-08:00,2025-01-16T20:59:13-08:00,0,21
style.css,44,css,8b8f22d3,Adrian,2025-01-16,20:59:13,-08:00,2025-01-16T20:59:13-08:00,0,14
style.css,45,css,8b8f22d3,Adrian,2025-01-16,20:59:13,-08:00,2025-01-16T20:59:13-08:00,0,18
style.css,46,css,8b8f22d3,Adrian,2025-01-16,20:59:13,-08:00,2025-01-16T20:59:13-08:00,0,14
style.css,47,css,8b8f22d3,Adrian,2025-01-16,20:59:13,-08:00,2025-01-16T20:59:13-08:00,0,0
style.css,48,css,8b8f22d3,Adrian,2025-01-16,20:59:13,-08:00,2025-01-16T20:59:13-08:00,0,0
style.css,49,css,8b8f22d3,Adrian,2025-01-16,20:59:13,-08:00,2025-01-16T20:59:13-08:00,0,0
style.css,50,css,8b8f22d3,Adrian,2025-01-16,20:59:13,-08:00,2025-01-16T20:59:13-08:00,0,10
style.css,51,css,8b8f22d3,Adrian,2025-01-16,20:59:13,-08:00,2025-01-16T20:59:13-08:00,0,20
style.css,52,css,8b8f22d3,Adrian,2025-01-16,20:59:13,-08:00,2025-01-16T20:59:13-08:00,0,26
style.css,53,css,df4ade45,Adrian,2025-01-24,01:09:21,-08:00,2025-01-24T01:09:21-08:00,0,45
style.css,54,css,8b8f22d3,Adrian,2025-01-16,20:59:13,-08:00,2025-01-16T20:59:13-08:00,0,21
style.css,55,css,8b8f22d3,Adrian,2025-01-16,20:59:13,-08:00,2025-01-16T20:59:13-08:00,0,0
style.css,56,css,8b8f22d3,Adrian,2025-01-16,20:59:13,-08:00,2025-01-16T20:59:13-08:00,0,0
style.css,57,css,8b8f22d3,Adrian,2025-01-16,20:59:13,-08:00,2025-01-16T20:59:13-08:00,0,8
style.css,58,css,8b8f22d3,Adrian,2025-01-16,20:59:13,-08:00,2025-01-16T20:59:13-08:00,0,40
style.css,59,css,8b8f22d3,Adrian,2025-01-16,20:59:13,-08:00,2025-01-16T20:59:13-08:00,0,26
style.css,60,css,df4ade45,Adrian,2025-01-24,01:09:21,-08:00,2025-01-24T01:09:21-08:00,0,70
style.css,61,css,8b8f22d3,Adrian,2025-01-16,20:59:13,-08:00,2025-01-16T20:59:13-08:00,0,21
style.css,62,css,8b8f22d3,Adrian,2025-01-16,20:59:13,-08:00,2025-01-16T20:59:13-08:00,0,0
style.css,63,css,8b8f22d3,Adrian,2025-01-16,20:59:13,-08:00,2025-01-16T20:59:13-08:00,0,0
style.css,64,css,e8c39b53,Adrian,2025-01-17,18:40:17,-08:00,2025-01-17T18:40:17-08:00,0,5
style.css,65,css,e8c39b53,Adrian,2025-01-17,18:40:17,-08:00,2025-01-17T18:40:17-08:00,0,13
style.css,66,css,e8c39b53,Adrian,2025-01-17,18:40:17,-08:00,2025-01-17T18:40:17-08:00,0,13
style.css,67,css,e8c39b53,Adrian,2025-01-17,18:40:17,-08:00,2025-01-17T18:40:17-08:00,0,31
style.css,68,css,e8c39b53,Adrian,2025-01-17,18:40:17,-08:00,2025-01-17T18:40:17-08:00,0,19
style.css,69,css,e8c39b53,Adrian,2025-01-17,18:40:17,-08:00,2025-01-17T18:40:17-08:00,0,8
style.css,70,css,e8c39b53,Adrian,2025-01-17,18:40:17,-08:00,2025-01-17T18:40:17-08:00,0,16
style.css,71,css,e8c39b53,Adrian,2025-01-17,18:40:17,-08:00,2025-01-17T18:40:17-08:00,0,0
style.css,72,css,e8c39b53,Adrian,2025-01-17,18:40:17,-08:00,2025-01-17T18:40:17-08:00,0,0
style.css,73,css,e8c39b53,Adrian,2025-01-17,18:40:17,-08:00,2025-01-17T18:40:17-08:00,0,6
style.css,74,css,e8c39b53,Adrian,2025-01-17,18:40:17,-08:00,2025-01-17T18:40:17-08:00,0,13
style.css,75,css,e8c39b53,Adrian,2025-01-17,18:40:17,-08:00,2025-01-17T18:40:17-08:00,0,13
style.css,76,css,e8c39b53,Adrian,2025-01-17,18:40:17,-08:00,2025-01-17T18:40:17-08:00,0,30
style.css,77,css,e8c39b53,Adrian,2025-01-17,18:40:17,-08:00,2025-01-17T18:40:17-08:00,0,19
style.css,78,css,e8c39b53,Adrian,2025-01-17,18:40:17,-08:00,2025-01-17T18:40:17-08:00,0,0
style.css,79,css,e8c39b53,Adrian,2025-01-17,18:40:17,-08:00,2025-01-17T18:40:17-08:00,0,0
style.css,80,css,e8c39b53,Adrian,2025-01-17,18:40:17,-08:00,2025-01-17T18:40:17-08:00,0,7
style.css,81,css,e8c39b53,Adrian,2025-01-17,18:40:17,-08:00,2025-01-17T18:40:17-08:00,0,13
style.css,82,css,e8c39b53,Adrian,2025-01-17,18:40:17,-08:00,2025-01-17T18:40:17-08:00,0,30
style.css,83,css,e8c39b53,Adrian,2025-01-17,18:40:17,-08:00,2025-01-17T18:40:17-08:00,0,19
style.css,84,css,e8c39b53,Adrian,2025-01-17,18:40:17,-08:00,2025-01-17T18:40:17-08:00,0,18
style.css,85,css,e8c39b53,Adrian,2025-01-17,18:40:17,-08:00,2025-01-17T18:40:17-08:00,0,0
style.css,86,css,e8c39b53,Adrian,2025-01-17,18:40:17,-08:00,2025-01-17T18:40:17-08:00,0,0
style.css,87,css,e8c39b53,Adrian,2025-01-17,18:40:17,-08:00,2025-01-17T18:40:17-08:00,0,16
style.css,88,css,e8c39b53,Adrian,2025-01-17,18:40:17,-08:00,2025-01-17T18:40:17-08:00,0,13
style.css,89,css,e8c39b53,Adrian,2025-01-17,18:40:17,-08:00,2025-01-17T18:40:17-08:00,0,0
style.css,90,css,e8c39b53,Adrian,2025-01-17,18:40:17,-08:00,2025-01-17T18:40:17-08:00,0,0
style.css,91,css,e8c39b53,Adrian,2025-01-17,18:40:17,-08:00,2025-01-17T18:40:17-08:00,0,10
style.css,92,css,e8c39b53,Adrian,2025-01-17,18:40:17,-08:00,2025-01-17T18:40:17-08:00,0,13
style.css,93,css,e8c39b53,Adrian,2025-01-17,18:40:17,-08:00,2025-01-17T18:40:17-08:00,0,59
style.css,94,css,e8c39b53,Adrian,2025-01-17,18:40:17,-08:00,2025-01-17T18:40:17-08:00,0,8
style.css,95,css,e8c39b53,Adrian,2025-01-17,18:40:17,-08:00,2025-01-17T18:40:17-08:00,0,0
style.css,96,css,e8c39b53,Adrian,2025-01-17,18:40:17,-08:00,2025-01-17T18:40:17-08:00,0,0
style.css,97,css,e8c39b53,Adrian,2025-01-17,18:40:17,-08:00,2025-01-17T18:40:17-08:00,0,18
style.css,98,css,e8c39b53,Adrian,2025-01-17,18:40:17,-08:00,2025-01-17T18:40:17-08:00,0,27
style.css,99,css,e8c39b53,Adrian,2025-01-17,18:40:17,-08:00,2025-01-17T18:40:17-08:00,0,16
style.css,100,css,e8c39b53,Adrian,2025-01-17,18:40:17,-08:00,2025-01-17T18:40:17-08:00,0,8
style.css,101,css,e8c39b53,Adrian,2025-01-17,18:40:17,-08:00,2025-01-17T18:40:17-08:00,0,0
style.css,102,css,e8c39b53,Adrian,2025-01-17,18:40:17,-08:00,2025-01-17T18:40:17-08:00,0,0
style.css,103,css,a87e042c,Adrian,2025-02-08,21:40:04,-08:00,2025-02-08T21:40:04-08:00,0,14
style.css,104,css,a87e042c,Adrian,2025-02-08,21:40:04,-08:00,2025-02-08T21:40:04-08:00,0,17
style.css,105,css,a87e042c,Adrian,2025-02-08,21:40:04,-08:00,2025-02-08T21:40:04-08:00,0,14
style.css,106,css,a87e042c,Adrian,2025-02-08,21:40:04,-08:00,2025-02-08T21:40:04-08:00,0,15
style.css,107,css,a87e042c,Adrian,2025-02-08,21:40:04,-08:00,2025-02-08T21:40:04-08:00,0,39
style.css,108,css,a87e042c,Adrian,2025-02-08,21:40:04,-08:00,2025-02-08T21:40:04-08:00,0,18
style.css,109,css,a87e042c,Adrian,2025-02-08,21:40:04,-08:00,2025-02-08T21:40:04-08:00,0,29
style.css,110,css,a87e042c,Adrian,2025-02-08,21:40:04,-08:00,2025-02-08T21:40:04-08:00,0,0
style.css,111,css,a87e042c,Adrian,2025-02-08,21:40:04,-08:00,2025-02-08T21:40:04-08:00,0,0
style.css,112,css,e8c39b53,Adrian,2025-01-17,18:40:17,-08:00,2025-01-17T18:40:17-08:00,0,23
style.css,113,css,e8c39b53,Adrian,2025-01-17,18:40:17,-08:00,2025-01-17T18:40:17-08:00,0,16
style.css,114,css,e8c39b53,Adrian,2025-01-17,18:40:17,-08:00,2025-01-17T18:40:17-08:00,0,18
style.css,115,css,e8c39b53,Adrian,2025-01-17,18:40:17,-08:00,2025-01-17T18:40:17-08:00,0,0
style.css,116,css,e8c39b53,Adrian,2025-01-17,18:40:17,-08:00,2025-01-17T18:40:17-08:00,0,0
style.css,117,css,e8c39b53,Adrian,2025-01-17,18:40:17,-08:00,2025-01-17T18:40:17-08:00,0,3
style.css,118,css,e8c39b53,Adrian,2025-01-17,18:40:17,-08:00,2025-01-17T18:40:17-08:00,0,15
style.css,119,css,e8c39b53,Adrian,2025-01-17,18:40:17,-08:00,2025-01-17T18:40:17-08:00,0,17
style.css,120,css,e8c39b53,Adrian,2025-01-17,18:40:17,-08:00,2025-01-17T18:40:17-08:00,0,16
style.css,121,css,e8c39b53,Adrian,2025-01-17,18:40:17,-08:00,2025-01-17T18:40:17-08:00,0,20
style.css,122,css,e8c39b53,Adrian,2025-01-17,18:40:17,-08:00,2025-01-17T18:40:17-08:00,0,18
style.css,123,css,df4ade45,Adrian,2025-01-24,01:09:21,-08:00,2025-01-24T01:09:21-08:00,0,17
style.css,124,css,e8c39b53,Adrian,2025-01-17,18:40:17,-08:00,2025-01-17T18:40:17-08:00,0,0
style.css,125,css,e8c39b53,Adrian,2025-01-17,18:40:17,-08:00,2025-01-17T18:40:17-08:00,0,0
style.css,126,css,e8c39b53,Adrian,2025-01-17,18:40:17,-08:00,2025-01-17T18:40:17-08:00,0,13
style.css,127,css,e8c39b53,Adrian,2025-01-17,18:40:17,-08:00,2025-01-17T18:40:17-08:00,0,9
style.css,128,css,e8c39b53,Adrian,2025-01-17,18:40:17,-08:00,2025-01-17T18:40:17-08:00,0,17
style.css,129,css,e8c39b53,Adrian,2025-01-17,18:40:17,-08:00,2025-01-17T18:40:17-08:00,0,18
style.css,130,css,df4ade45,Adrian,2025-01-24,01:09:21,-08:00,2025-01-24T01:09:21-08:00,0,17
style.css,131,css,e8c39b53,Adrian,2025-01-17,18:40:17,-08:00,2025-01-17T18:40:17-08:00,0,14
style.css,132,css,e8c39b53,Adrian,2025-01-17,18:40:17,-08:00,2025-01-17T18:40:17-08:00,0,0
style.css,133,css,e8c39b53,Adrian,2025-01-17,18:40:17,-08:00,2025-01-17T18:40:17-08:00,0,0
style.css,134,css,e8c39b53,Adrian,2025-01-17,18:40:17,-08:00,2025-01-17T18:40:17-08:00,0,0
style.css,135,css,e8c39b53,Adrian,2025-01-17,18:40:17,-08:00,2025-01-17T18:40:17-08:00,0,19
style.css,136,css,e8c39b53,Adrian,2025-01-17,18:40:17,-08:00,2025-01-17T18:40:17-08:00,0,8
style.css,137,css,e8c39b53,Adrian,2025-01-17,18:40:17,-08:00,2025-01-17T18:40:17-08:00,0,13
style.css,138,css,e8c39b53,Adrian,2025-01-17,18:40:17,-08:00,2025-01-17T18:40:17-08:00,0,18
style.css,139,css,e8c39b53,Adrian,2025-01-17,18:40:17,-08:00,2025-01-17T18:40:17-08:00,0,0
style.css,140,css,e8c39b53,Adrian,2025-01-17,18:40:17,-08:00,2025-01-17T18:40:17-08:00,0,0
style.css,141,css,e8c39b53,Adrian,2025-01-17,18:40:17,-08:00,2025-01-17T18:40:17-08:00,0,20
style.css,142,css,e8c39b53,Adrian,2025-01-17,18:40:17,-08:00,2025-01-17T18:40:17-08:00,0,16
style.css,143,css,e8c39b53,Adrian,2025-01-17,18:40:17,-08:00,2025-01-17T18:40:17-08:00,0,17
style.css,144,css,e8c39b53,Adrian,2025-01-17,18:40:17,-08:00,2025-01-17T18:40:17-08:00,0,26
style.css,145,css,e8c39b53,Adrian,2025-01-17,18:40:17,-08:00,2025-01-17T18:40:17-08:00,0,20
style.css,146,css,e8c39b53,Adrian,2025-01-17,18:40:17,-08:00,2025-01-17T18:40:17-08:00,0,26
style.css,147,css,e8c39b53,Adrian,2025-01-17,18:40:17,-08:00,2025-01-17T18:40:17-08:00,0,29
style.css,148,css,e8c39b53,Adrian,2025-01-17,18:40:17,-08:00,2025-01-17T18:40:17-08:00,0,18
style.css,149,css,e8c39b53,Adrian,2025-01-17,18:40:17,-08:00,2025-01-17T18:40:17-08:00,0,21
style.css,150,css,e8c39b53,Adrian,2025-01-17,18:40:17,-08:00,2025-01-17T18:40:17-08:00,0,0
style.css,151,css,e8c39b53,Adrian,2025-01-17,18:40:17,-08:00,2025-01-17T18:40:17-08:00,0,0
style.css,152,css,e8c39b53,Adrian,2025-01-17,18:40:17,-08:00,2025-01-17T18:40:17-08:00,0,10
style.css,153,css,e8c39b53,Adrian,2025-01-17,18:40:17,-08:00,2025-01-17T18:40:17-08:00,0,16
style.css,154,css,e8c39b53,Adrian,2025-01-17,18:40:17,-08:00,2025-01-17T18:40:17-08:00,0,0
style.css,155,css,e8c39b53,Adrian,2025-01-17,18:40:17,-08:00,2025-01-17T18:40:17-08:00,0,0
style.css,156,css,e8c39b53,Adrian,2025-01-17,18:40:17,-08:00,2025-01-17T18:40:17-08:00,0,18
style.css,157,css,e8c39b53,Adrian,2025-01-17,18:40:17,-08:00,2025-01-17T18:40:17-08:00,0,16
style.css,158,css,e8c39b53,Adrian,2025-01-17,18:40:17,-08:00,2025-01-17T18:40:17-08:00,0,14
style.css,159,css,e8c39b53,Adrian,2025-01-17,18:40:17,-08:00,2025-01-17T18:40:17-08:00,0,12
style.css,160,css,e8c39b53,Adrian,2025-01-17,18:40:17,-08:00,2025-01-17T18:40:17-08:00,0,0
style.css,161,css,8b8f22d3,Adrian,2025-01-16,20:59:13,-08:00,2025-01-16T20:59:13-08:00,0,0
style.css,162,css,e8c39b53,Adrian,2025-01-17,18:40:17,-08:00,2025-01-17T18:40:17-08:00,0,25
style.css,163,css,e8c39b53,Adrian,2025-01-17,18:40:17,-08:00,2025-01-17T18:40:17-08:00,0,18
style.css,164,css,e8c39b53,Adrian,2025-01-17,18:40:17,-08:00,2025-01-17T18:40:17-08:00,0,0
style.css,165,css,df4ade45,Adrian,2025-01-24,01:09:21,-08:00,2025-01-24T01:09:21-08:00,0,0
style.css,166,css,df4ade45,Adrian,2025-01-24,01:09:21,-08:00,2025-01-24T01:09:21-08:00,0,14
style.css,167,css,df4ade45,Adrian,2025-01-24,01:09:21,-08:00,2025-01-24T01:09:21-08:00,0,13
style.css,168,css,df4ade45,Adrian,2025-01-24,01:09:21,-08:00,2025-01-24T01:09:21-08:00,0,19
style.css,169,css,df4ade45,Adrian,2025-01-24,01:09:21,-08:00,2025-01-24T01:09:21-08:00,0,10
style.css,170,css,df4ade45,Adrian,2025-01-24,01:09:21,-08:00,2025-01-24T01:09:21-08:00,0,18
style.css,171,css,df4ade45,Adrian,2025-01-24,01:09:21,-08:00,2025-01-24T01:09:21-08:00,0,9
style.css,172,css,df4ade45,Adrian,2025-01-24,01:09:21,-08:00,2025-01-24T01:09:21-08:00,0,11
style.css,173,css,df4ade45,Adrian,2025-01-24,01:09:21,-08:00,2025-01-24T01:09:21-08:00,0,14
style.css,174,css,df4ade45,Adrian,2025-01-24,01:09:21,-08:00,2025-01-24T01:09:21-08:00,0,20
style.css,175,css,df4ade45,Adrian,2025-01-24,01:09:21,-08:00,2025-01-24T01:09:21-08:00,0,0
style.css,176,css,022ab23f,Adrian,2025-01-31,18:52:01,-08:00,2025-01-31T18:52:01-08:00,0,0
style.css,177,css,022ab23f,Adrian,2025-01-31,18:52:01,-08:00,2025-01-31T18:52:01-08:00,0,15
style.css,178,css,022ab23f,Adrian,2025-01-31,18:52:01,-08:00,2025-01-31T18:52:01-08:00,0,14
style.css,179,css,022ab23f,Adrian,2025-01-31,18:52:01,-08:00,2025-01-31T18:52:01-08:00,0,13
style.css,180,css,022ab23f,Adrian,2025-01-31,18:52:01,-08:00,2025-01-31T18:52:01-08:00,0,16
style.css,181,css,022ab23f,Adrian,2025-01-31,18:52:01,-08:00,2025-01-31T18:52:01-08:00,0,13
style.css,182,css,022ab23f,Adrian,2025-01-31,18:52:01,-08:00,2025-01-31T18:52:01-08:00,0,59
style.css,183,css,022ab23f,Adrian,2025-01-31,18:52:01,-08:00,2025-01-31T18:52:01-08:00,0,9
style.css,184,css,022ab23f,Adrian,2025-01-31,18:52:01,-08:00,2025-01-31T18:52:01-08:00,0,18
style.css,185,css,022ab23f,Adrian,2025-01-31,18:52:01,-08:00,2025-01-31T18:52:01-08:00,0,0
style.css,186,css,022ab23f,Adrian,2025-01-31,18:52:01,-08:00,2025-01-31T18:52:01-08:00,0,0
style.css,187,css,022ab23f,Adrian,2025-01-31,18:52:01,-08:00,2025-01-31T18:52:01-08:00,0,18
style.css,188,css,022ab23f,Adrian,2025-01-31,18:52:01,-08:00,2025-01-31T18:52:01-08:00,0,59
style.css,189,css,022ab23f,Adrian,2025-01-31,18:52:01,-08:00,2025-01-31T18:52:01-08:00,0,0
style.css,190,css,022ab23f,Adrian,2025-01-31,18:52:01,-08:00,2025-01-31T18:52:01-08:00,0,0
style.css,191,css,022ab23f,Adrian,2025-01-31,18:52:01,-08:00,2025-01-31T18:52:01-08:00,0,18
style.css,192,css,022ab23f,Adrian,2025-01-31,18:52:01,-08:00,2025-01-31T18:52:01-08:00,0,17
style.css,193,css,022ab23f,Adrian,2025-01-31,18:52:01,-08:00,2025-01-31T18:52:01-08:00,0,25
style.css,194,css,022ab23f,Adrian,2025-01-31,18:52:01,-08:00,2025-01-31T18:52:01-08:00,0,17
style.css,195,css,022ab23f,Adrian,2025-01-31,18:52:01,-08:00,2025-01-31T18:52:01-08:00,0,25
style.css,196,css,022ab23f,Adrian,2025-01-31,18:52:01,-08:00,2025-01-31T18:52:01-08:00,0,58
style.css,197,css,022ab23f,Adrian,2025-01-31,18:52:01,-08:00,2025-01-31T18:52:01-08:00,0,0
style.css,198,css,022ab23f,Adrian,2025-01-31,18:52:01,-08:00,2025-01-31T18:52:01-08:00,0,0
style.css,199,css,022ab23f,Adrian,2025-01-31,18:52:01,-08:00,2025-01-31T18:52:01-08:00,0,18
style.css,200,css,022ab23f,Adrian,2025-01-31,18:52:01,-08:00,2025-01-31T18:52:01-08:00,0,9
style.css,201,css,022ab23f,Adrian,2025-01-31,18:52:01,-08:00,2025-01-31T18:52:01-08:00,0,15
style.css,202,css,022ab23f,Adrian,2025-01-31,18:52:01,-08:00,2025-01-31T18:52:01-08:00,0,16
style.css,203,css,022ab23f,Adrian,2025-01-31,18:52:01,-08:00,2025-01-31T18:52:01-08:00,0,59
style.css,204,css,022ab23f,Adrian,2025-01-31,18:52:01,-08:00,2025-01-31T18:52:01-08:00,0,14
style.css,205,css,022ab23f,Adrian,2025-01-31,18:52:01,-08:00,2025-01-31T18:52:01-08:00,0,0
style.css,206,css,022ab23f,Adrian,2025-01-31,18:52:01,-08:00,2025-01-31T18:52:01-08:00,0,0
style.css,207,css,a87e042c,Adrian,2025-02-08,21:40:04,-08:00,2025-02-08T21:40:04-08:00,0,19
style.css,208,css,a87e042c,Adrian,2025-02-08,21:40:04,-08:00,2025-02-08T21:40:04-08:00,0,16
style.css,209,css,a87e042c,Adrian,2025-02-08,21:40:04,-08:00,2025-02-08T21:40:04-08:00,0,3
style.css,210,css,a87e042c,Adrian,2025-02-08,21:40:04,-08:00,2025-02-08T21:40:04-08:00,0,0
style.css,211,css,a87e042c,Adrian,2025-02-08,21:40:04,-08:00,2025-02-08T21:40:04-08:00,0,19
style.css,212,css,a87e042c,Adrian,2025-02-08,21:40:04,-08:00,2025-02-08T21:40:04-08:00,0,15
style.css,213,css,a87e042c,Adrian,2025-02-08,21:40:04,-08:00,2025-02-08T21:40:04-08:00,0,17
style.css,214,css,a87e042c,Adrian,2025-02-08,21:40:04,-08:00,2025-02-08T21:40:04-08:00,0,17
style.css,215,css,a87e042c,Adrian,2025-02-08,21:40:04,-08:00,2025-02-08T21:40:04-08:00,0,0
style.css,216,css,a87e042c,Adrian,2025-02-08,21:40:04,-08:00,2025-02-08T21:40:04-08:00,0,0
style.css,217,css,a87e042c,Adrian,2025-02-08,21:40:04,-08:00,2025-02-08T21:40:04-08:00,0,8
style.css,218,css,a87e042c,Adrian,2025-02-08,21:40:04,-08:00,2025-02-08T21:40:04-08:00,0,13
style.css,219,css,a87e042c,Adrian,2025-02-08,21:40:04,-08:00,2025-02-08T21:40:04-08:00,0,58
style.css,220,css,a87e042c,Adrian,2025-02-08,21:40:04,-08:00,2025-02-08T21:40:04-08:00,0,9
style.css,221,css,a87e042c,Adrian,2025-02-08,21:40:04,-08:00,2025-02-08T21:40:04-08:00,0,16
style.css,222,css,a87e042c,Adrian,2025-02-08,21:40:04,-08:00,2025-02-08T21:40:04-08:00,0,64
style.css,223,css,a87e042c,Adrian,2025-02-08,21:40:04,-08:00,2025-02-08T21:40:04-08:00,0,64
style.css,224,css,a87e042c,Adrian,2025-02-08,21:40:04,-08:00,2025-02-08T21:40:04-08:00,0,48
style.css,225,css,a87e042c,Adrian,2025-02-08,21:40:04,-08:00,2025-02-08T21:40:04-08:00,0,65
style.css,226,css,a87e042c,Adrian,2025-02-08,21:40:04,-08:00,2025-02-08T21:40:04-08:00,0,6
style.css,227,css,a87e042c,Adrian,2025-02-08,21:40:04,-08:00,2025-02-08T21:40:04-08:00,0,0
style.css,228,css,a87e042c,Adrian,2025-02-08,21:40:04,-08:00,2025-02-08T21:40:04-08:00,0,0
style.css,229,css,a87e042c,Adrian,2025-02-08,21:40:04,-08:00,2025-02-08T21:40:04-08:00,0,11
style.css,230,css,a87e042c,Adrian,2025-02-08,21:40:04,-08:00,2025-02-08T21:40:04-08:00,0,13
style.css,231,css,a87e042c,Adrian,2025-02-08,21:40:04,-08:00,2025-02-08T21:40:04-08:00,0,19
style.css,232,css,a87e042c,Adrian,2025-02-08,21:40:04,-08:00,2025-02-08T21:40:04-08:00,0,10
style.css,233,css,a87e042c,Adrian,2025-02-08,21:40:04,-08:00,2025-02-08T21:40:04-08:00,0,15
style.css,234,css,a87e042c,Adrian,2025-02-08,21:40:04,-08:00,2025-02-08T21:40:04-08:00,0,14
style.css,235,css,a87e042c,Adrian,2025-02-08,21:40:04,-08:00,2025-02-08T21:40:04-08:00,0,0
style.css,236,css,a87e042c,Adrian,2025-02-08,21:40:04,-08:00,2025-02-08T21:40:04-08:00,0,0
style.css,237,css,a87e042c,Adrian,2025-02-08,21:40:04,-08:00,2025-02-08T21:40:04-08:00,0,8
style.css,238,css,a87e042c,Adrian,2025-02-08,21:40:04,-08:00,2025-02-08T21:40:04-08:00,0,12
style.css,239,css,a87e042c,Adrian,2025-02-08,21:40:04,-08:00,2025-02-08T21:40:04-08:00,0,13
style.css,240,css,a87e042c,Adrian,2025-02-08,21:40:04,-08:00,2025-02-08T21:40:04-08:00,0,30
style.css,241,css,a87e042c,Adrian,2025-02-08,21:40:04,-08:00,2025-02-08T21:40:04-08:00,0,18
style.css,242,css,a87e042c,Adrian,2025-02-08,21:40:04,-08:00,2025-02-08T21:40:04-08:00,0,21
style.css,243,css,a87e042c,Adrian,2025-02-08,21:40:04,-08:00,2025-02-08T21:40:04-08:00,0,0
style.css,244,css,a87e042c,Adrian,2025-02-08,21:40:04,-08:00,2025-02-08T21:40:04-08:00,0,0
style.css,245,css,a87e042c,Adrian,2025-02-08,21:40:04,-08:00,2025-02-08T21:40:04-08:00,0,11
style.css,246,css,a87e042c,Adrian,2025-02-08,21:40:04,-08:00,2025-02-08T21:40:04-08:00,0,13
style.css,247,css,a87e042c,Adrian,2025-02-08,21:40:04,-08:00,2025-02-08T21:40:04-08:00,0,55
style.css,248,css,a87e042c,Adrian,2025-02-08,21:40:04,-08:00,2025-02-08T21:40:04-08:00,0,66
style.css,249,css,a87e042c,Adrian,2025-02-08,21:40:04,-08:00,2025-02-08T21:40:04-08:00,0,0
style.css,250,css,a87e042c,Adrian,2025-02-08,21:40:04,-08:00,2025-02-08T21:40:04-08:00,0,0
style.css,251,css,a87e042c,Adrian,2025-02-08,21:40:04,-08:00,2025-02-08T21:40:04-08:00,0,11
style.css,252,css,a87e042c,Adrian,2025-02-08,21:40:04,-08:00,2025-02-08T21:40:04-08:00,0,11
style.css,253,css,a87e042c,Adrian,2025-02-08,21:40:04,-08:00,2025-02-08T21:40:04-08:00,0,12
style.css,254,css,a87e042c,Adrian,2025-02-08,21:40:04,-08:00,2025-02-08T21:40:04-08:00,0,13
style.css,255,css,a87e042c,Adrian,2025-02-08,21:40:04,-08:00,2025-02-08T21:40:04-08:00,0,15
style.css,256,css,a87e042c,Adrian,2025-02-08,21:40:04,-08:00,2025-02-08T21:40:04-08:00,0,25
style.css,257,css,a87e042c,Adrian,2025-02-08,21:40:04,-08:00,2025-02-08T21:40:04-08:00,0,22
style.css,258,css,a87e042c,Adrian,2025-02-08,21:40:04,-08:00,2025-02-08T21:40:04-08:00,0,19
style.css,259,css,a87e042c,Adrian,2025-02-08,21:40:04,-08:00,2025-02-08T21:40:04-08:00,0,0
style.css,260,css,054ac11d,Adrian,2025-02-10,01:48:23,-08:00,2025-02-10T01:48:23-08:00,0,0
style.css,261,css,054ac11d,Adrian,2025-02-10,01:48:23,-08:00,2025-02-10T01:48:23-08:00,0,18
style.css,262,css,054ac11d,Adrian,2025-02-10,01:48:23,-08:00,2025-02-10T01:48:23-08:00,0,17
style.css,263,css,054ac11d,Adrian,2025-02-10,01:48:23,-08:00,2025-02-10T01:48:23-08:00,0,12
style.css,264,css,054ac11d,Adrian,2025-02-10,01:48:23,-08:00,2025-02-10T01:48:23-08:00,0,0
style.css,265,css,054ac11d,Adrian,2025-02-10,01:48:23,-08:00,2025-02-10T01:48:23-08:00,0,0
style.css,266,css,054ac11d,Adrian,2025-02-10,01:48:23,-08:00,2025-02-10T01:48:23-08:00,0,0
style.css,267,css,054ac11d,Adrian,2025-02-10,01:48:23,-08:00,2025-02-10T01:48:23-08:00,0,5
style.css,268,css,054ac11d,Adrian,2025-02-10,01:48:23,-08:00,2025-02-10T01:48:23-08:00,0,17
style.css,269,css,054ac11d,Adrian,2025-02-10,01:48:23,-08:00,2025-02-10T01:48:23-08:00,0,15
style.css,270,css,054ac11d,Adrian,2025-02-10,01:48:23,-08:00,2025-02-10T01:48:23-08:00,0,0
style.css,271,css,054ac11d,Adrian,2025-02-10,01:48:23,-08:00,2025-02-10T01:48:23-08:00,0,0
style.css,272,css,054ac11d,Adrian,2025-02-10,01:48:23,-08:00,2025-02-10T01:48:23-08:00,0,10
style.css,273,css,054ac11d,Adrian,2025-02-10,01:48:23,-08:00,2025-02-10T01:48:23-08:00,0,27
style.css,274,css,054ac11d,Adrian,2025-02-10,01:48:23,-08:00,2025-02-10T01:48:23-08:00,0,0
style.css,275,css,054ac11d,Adrian,2025-02-10,01:48:23,-08:00,2025-02-10T01:48:23-08:00,0,11
style.css,276,css,054ac11d,Adrian,2025-02-10,01:48:23,-08:00,2025-02-10T01:48:23-08:00,0,18
style.css,277,css,054ac11d,Adrian,2025-02-10,01:48:23,-08:00,2025-02-10T01:48:23-08:00,0,0
style.css,278,css,054ac11d,Adrian,2025-02-10,01:48:23,-08:00,2025-02-10T01:48:23-08:00,0,0
index.js,1,js,022ab23f,Adrian,2025-01-31,18:52:01,-08:00,2025-01-31T18:52:01-08:00,0,72
index.js,2,js,054ac11d,Adrian,2025-02-10,01:48:23,-08:00,2025-02-10T01:48:23-08:00,0,59
index.js,3,js,054ac11d,Adrian,2025-02-10,01:48:23,-08:00,2025-02-10T01:48:23-08:00,0,70
index.js,4,js,022ab23f,Adrian,2025-01-31,18:52:01,-08:00,2025-01-31T18:52:01-08:00,0,61
index.js,5,js,054ac11d,Adrian,2025-02-10,01:48:23,-08:00,2025-02-10T01:48:23-08:00,0,0
index.js,6,js,054ac11d,Adrian,2025-02-10,01:48:23,-08:00,2025-02-10T01:48:23-08:00,0,23
index.js,7,js,054ac11d,Adrian,2025-02-10,01:48:23,-08:00,2025-02-10T01:48:23-08:00,0,20
index.js,8,js,054ac11d,Adrian,2025-02-10,01:48:23,-08:00,2025-02-10T01:48:23-08:00,0,54
index.js,9,js,054ac11d,Adrian,2025-02-10,01:48:23,-08:00,2025-02-10T01:48:23-08:00,0,7
index.js,10,js,054ac11d,Adrian,2025-02-10,01:48:23,-08:00,2025-02-10T01:48:23-08:00,0,48
index.js,11,js,054ac11d,Adrian,2025-02-10,01:48:23,-08:00,2025-02-10T01:48:23-08:00,0,55
index.js,12,js,054ac11d,Adrian,2025-02-10,01:48:23,-08:00,2025-02-10T01:48:23-08:00,0,0
index.js,13,js,054ac11d,Adrian,2025-02-10,01:48:23,-08:00,2025-02-10T01:48:23-08:00,0,0
index.js,14,js,022ab23f,Adrian,2025-01-31,18:52:01,-08:00,2025-01-31T18:52:01-08:00,0,55
index.js,15,js,022ab23f,Adrian,2025-01-31,18:52:01,-08:00,2025-01-31T18:52:01-08:00,0,61
index.js,16,js,022ab23f,Adrian,2025-01-31,18:52:01,-08:00,2025-01-31T18:52:01-08:00,0,18
index.js,17,js,022ab23f,Adrian,2025-01-31,18:52:01,-08:00,2025-01-31T18:52:01-08:00,0,25
index.js,18,js,022ab23f,Adrian,2025-01-31,18:52:01,-08:00,2025-01-31T18:52:01-08:00,0,3
index.js,19,js,022ab23f,Adrian,2025-01-31,18:52:01,-08:00,2025-01-31T18:52:01-08:00,0,56
index.js,20,js,022ab23f,Adrian,2025-01-31,18:52:01,-08:00,2025-01-31T18:52:01-08:00,0,56
index.js,21,js,022ab23f,Adrian,2025-01-31,18:52:01,-08:00,2025-01-31T18:52:01-08:00,0,50
index.js,22,js,022ab23f,Adrian,2025-01-31,18:52:01,-08:00,2025-01-31T18:52:01-08:00,0,50
index.js,23,js,022ab23f,Adrian,2025-01-31,18:52:01,-08:00,2025-01-31T18:52:01-08:00,0,4
index.js,24,js,022ab23f,Adrian,2025-01-31,18:52:01,-08:00,2025-01-31T18:52:01-08:00,0,1
index.js,25,js,022ab23f,Adrian,2025-01-31,18:52:01,-08:00,2025-01-31T18:52:01-08:00,0,0
index.html,1,html,bf6dabad,Adrian,2025-01-09,19:53:29,-08:00,2025-01-09T19:53:29-08:00,0,14
index.html,2,html,1d908216,Adrian,2025-01-24,11:13:59,-08:00,2025-01-24T11:13:59-08:00,0,25
index.html,3,html,bf6dabad,Adrian,2025-01-09,19:53:29,-08:00,2025-01-09T19:53:29-08:00,0,15
index.html,4,html,df4ade45,Adrian,2025-01-24,01:09:21,-08:00,2025-01-24T01:09:21-08:00,0,9
index.html,5,html,8b8f22d3,Adrian,2025-01-16,20:59:13,-08:00,2025-01-16T20:59:13-08:00,0,3
index.html,6,html,df4ade45,Adrian,2025-01-24,01:09:21,-08:00,2025-01-24T01:09:21-08:00,0,37
index.html,7,html,8b8f22d3,Adrian,2025-01-16,20:59:13,-08:00,2025-01-16T20:59:13-08:00,0,50
index.html,8,html,8b8f22d3,Adrian,2025-01-16,20:59:13,-08:00,2025-01-16T20:59:13-08:00,0,48
index.html,9,html,8b8f22d3,Adrian,2025-01-16,20:59:13,-08:00,2025-01-16T20:59:13-08:00,0,46
index.html,10,html,8b8f22d3,Adrian,2025-01-16,20:59:13,-08:00,2025-01-16T20:59:13-08:00,0,83
index.html,11,html,8b8f22d3,Adrian,2025-01-16,20:59:13,-08:00,2025-01-16T20:59:13-08:00,0,4
index.html,12,html,df4ade45,Adrian,2025-01-24,01:09:21,-08:00,2025-01-24T01:09:21-08:00,0,9
index.html,13,html,bf6dabad,Adrian,2025-01-09,19:53:29,-08:00,2025-01-09T19:53:29-08:00,0,5
index.html,14,html,bf6dabad,Adrian,2025-01-09,19:53:29,-08:00,2025-01-09T19:53:29-08:00,0,21
index.html,15,html,bf6dabad,Adrian,2025-01-09,19:53:29,-08:00,2025-01-09T19:53:29-08:00,0,69
index.html,16,html,bf6dabad,Adrian,2025-01-09,19:53:29,-08:00,2025-01-09T19:53:29-08:00,0,55
index.html,17,html,8b8f22d3,Adrian,2025-01-16,20:59:13,-08:00,2025-01-16T20:59:13-08:00,0,39
index.html,18,html,bf6dabad,Adrian,2025-01-09,19:53:29,-08:00,2025-01-09T19:53:29-08:00,0,6
index.html,19,html,bf6dabad,Adrian,2025-01-09,19:53:29,-08:00,2025-01-09T19:53:29-08:00,0,5
index.html,20,html,bf6dabad,Adrian,2025-01-09,19:53:29,-08:00,2025-01-09T19:53:29-08:00,0,20
index.html,21,html,bf6dabad,Adrian,2025-01-09,19:53:29,-08:00,2025-01-09T19:53:29-08:00,0,92
index.html,22,html,71458f92,Adrian,2025-01-09,23:38:58,-08:00,2025-01-09T23:38:58-08:00,0,0
index.html,23,html,71458f92,Adrian,2025-01-09,23:38:58,-08:00,2025-01-09T23:38:58-08:00,0,94
index.html,24,html,df4ade45,Adrian,2025-01-24,01:09:21,-08:00,2025-01-24T01:09:21-08:00,0,46
index.html,25,html,7b82053a,Adrian,2025-02-08,23:07:48,-08:00,2025-02-08T23:07:48-08:00,0,0
index.html,26,html,022ab23f,Adrian,2025-01-31,18:52:01,-08:00,2025-01-31T18:52:01-08:00,0,23
index.html,27,html,022ab23f,Adrian,2025-01-31,18:52:01,-08:00,2025-01-31T18:52:01-08:00,0,29
index.html,28,html,022ab23f,Adrian,2025-01-31,18:52:01,-08:00,2025-01-31T18:52:01-08:00,0,23
index.html,29,html,022ab23f,Adrian,2025-01-31,18:52:01,-08:00,2025-01-31T18:52:01-08:00,0,21
index.html,30,html,022ab23f,Adrian,2025-01-31,18:52:01,-08:00,2025-01-31T18:52:01-08:00,0,50
index.html,31,html,022ab23f,Adrian,2025-01-31,18:52:01,-08:00,2025-01-31T18:52:01-08:00,0,5
index.html,32,html,022ab23f,Adrian,2025-01-31,18:52:01,-08:00,2025-01-31T18:52:01-08:00,0,49
index.html,33,html,c01dcdaa,Adrian,2025-01-31,19:02:44,-08:00,2025-01-31T19:02:44-08:00,0,60
index.html,34,html,022ab23f,Adrian,2025-01-31,18:52:01,-08:00,2025-01-31T18:52:01-08:00,0,51
index.html,35,html,7b82053a,Adrian,2025-02-08,23:07:48,-08:00,2025-02-08T23:07:48-08:00,0,6
index.html,36,html,bf6dabad,Adrian,2025-01-09,19:53:29,-08:00,2025-01-09T19:53:29-08:00,0,6
global.js,1,js,97a41471,Adrian,2025-01-24,02:06:30,-08:00,2025-01-24T02:06:30-08:00,0,26
global.js,2,js,df4ade45,Adrian,2025-01-24,01:09:21,-08:00,2025-01-24T01:09:21-08:00,0,0
global.js,3,js,df4ade45,Adrian,2025-01-24,01:09:21,-08:00,2025-01-24T01:09:21-08:00,0,42
global.js,4,js,97a41471,Adrian,2025-01-24,02:06:30,-08:00,2025-01-24T02:06:30-08:00,0,53
global.js,5,js,97a41471,Adrian,2025-01-24,02:06:30,-08:00,2025-01-24T02:06:30-08:00,0,0
global.js,6,js,df4ade45,Adrian,2025-01-24,01:09:21,-08:00,2025-01-24T01:09:21-08:00,0,0
global.js,7,js,97a41471,Adrian,2025-01-24,02:06:30,-08:00,2025-01-24T02:06:30-08:00,0,43
global.js,8,js,97a41471,Adrian,2025-01-24,02:06:30,-08:00,2025-01-24T02:06:30-08:00,0,24
global.js,9,js,df4ade45,Adrian,2025-01-24,01:09:21,-08:00,2025-01-24T01:09:21-08:00,0,0
global.js,10,js,97a41471,Adrian,2025-01-24,02:06:30,-08:00,2025-01-24T02:06:30-08:00,0,34
global.js,11,js,97a41471,Adrian,2025-01-24,02:06:30,-08:00,2025-01-24T02:06:30-08:00,0,73
global.js,12,js,97a41471,Adrian,2025-01-24,02:06:30,-08:00,2025-01-24T02:06:30-08:00,0,6
global.js,13,js,df4ade45,Adrian,2025-01-24,01:09:21,-08:00,2025-01-24T01:09:21-08:00,0,0
global.js,14,js,97a41471,Adrian,2025-01-24,02:06:30,-08:00,2025-01-24T02:06:30-08:00,0,20
global.js,15,js,97a41471,Adrian,2025-01-24,02:06:30,-08:00,2025-01-24T02:06:30-08:00,0,39
global.js,16,js,97a41471,Adrian,2025-01-24,02:06:30,-08:00,2025-01-24T02:06:30-08:00,0,3
global.js,17,js,15424467,Adrian,2025-01-24,01:57:45,-08:00,2025-01-24T01:57:45-08:00,0,0
global.js,18,js,df4ade45,Adrian,2025-01-24,01:09:21,-08:00,2025-01-24T01:09:21-08:00,0,12
global.js,19,js,87cf3b43,Adrian,2025-01-24,02:15:31,-08:00,2025-01-24T02:15:31-08:00,0,26
global.js,20,js,2f4f7305,Adrian,2025-01-24,02:13:51,-08:00,2025-01-24T02:13:51-08:00,0,39
global.js,21,js,2f4f7305,Adrian,2025-01-24,02:13:51,-08:00,2025-01-24T02:13:51-08:00,0,37
global.js,22,js,2f4f7305,Adrian,2025-01-24,02:13:51,-08:00,2025-01-24T02:13:51-08:00,0,35
global.js,23,js,fae7e3fa,Adrian,2025-02-13,11:26:17,-08:00,2025-02-13T11:26:17-08:00,0,31
global.js,24,js,97a41471,Adrian,2025-01-24,02:06:30,-08:00,2025-01-24T02:06:30-08:00,0,66
global.js,25,js,97a41471,Adrian,2025-01-24,02:06:30,-08:00,2025-01-24T02:06:30-08:00,0,1
global.js,26,js,15424467,Adrian,2025-01-24,01:57:45,-08:00,2025-01-24T01:57:45-08:00,0,0
global.js,27,js,df4ade45,Adrian,2025-01-24,01:09:21,-08:00,2025-01-24T01:09:21-08:00,0,39
global.js,28,js,df4ade45,Adrian,2025-01-24,01:09:21,-08:00,2025-01-24T01:09:21-08:00,0,26
global.js,29,js,15424467,Adrian,2025-01-24,01:57:45,-08:00,2025-01-24T01:57:45-08:00,0,0
global.js,30,js,97a41471,Adrian,2025-01-24,02:06:30,-08:00,2025-01-24T02:06:30-08:00,0,71
global.js,31,js,97a41471,Adrian,2025-01-24,02:06:30,-08:00,2025-01-24T02:06:30-08:00,0,0
global.js,32,js,df4ade45,Adrian,2025-01-24,01:09:21,-08:00,2025-01-24T01:09:21-08:00,0,21
global.js,33,js,df4ade45,Adrian,2025-01-24,01:09:21,-08:00,2025-01-24T01:09:21-08:00,0,15
global.js,34,js,df4ade45,Adrian,2025-01-24,01:09:21,-08:00,2025-01-24T01:09:21-08:00,0,19
global.js,35,js,97a41471,Adrian,2025-01-24,02:06:30,-08:00,2025-01-24T02:06:30-08:00,0,0
global.js,36,js,fc82d077,Adrian,2025-01-24,01:32:04,-08:00,2025-01-24T01:32:04-08:00,0,65
global.js,37,js,97a41471,Adrian,2025-01-24,02:06:30,-08:00,2025-01-24T02:06:30-08:00,0,0
global.js,38,js,df4ade45,Adrian,2025-01-24,01:09:21,-08:00,2025-01-24T01:09:21-08:00,0,35
global.js,39,js,df4ade45,Adrian,2025-01-24,01:09:21,-08:00,2025-01-24T01:09:21-08:00,0,12
global.js,40,js,df4ade45,Adrian,2025-01-24,01:09:21,-08:00,2025-01-24T01:09:21-08:00,0,21
global.js,41,js,a447d6a8,Adrian,2025-01-24,02:10:39,-08:00,2025-01-24T02:10:39-08:00,0,13
global.js,42,js,97a41471,Adrian,2025-01-24,02:06:30,-08:00,2025-01-24T02:06:30-08:00,0,0
global.js,43,js,df4ade45,Adrian,2025-01-24,01:09:21,-08:00,2025-01-24T01:09:21-08:00,0,18
global.js,44,js,df4ade45,Adrian,2025-01-24,01:09:21,-08:00,2025-01-24T01:09:21-08:00,0,9
global.js,45,js,df4ade45,Adrian,2025-01-24,01:09:21,-08:00,2025-01-24T01:09:21-08:00,0,59
global.js,46,js,df4ade45,Adrian,2025-01-24,01:09:21,-08:00,2025-01-24T01:09:21-08:00,0,1
global.js,47,js,fc82d077,Adrian,2025-01-24,01:32:04,-08:00,2025-01-24T01:32:04-08:00,0,0
global.js,48,js,a447d6a8,Adrian,2025-01-24,02:10:39,-08:00,2025-01-24T02:10:39-08:00,0,29
global.js,49,js,a447d6a8,Adrian,2025-01-24,02:10:39,-08:00,2025-01-24T02:10:39-08:00,0,18
global.js,50,js,a447d6a8,Adrian,2025-01-24,02:10:39,-08:00,2025-01-24T02:10:39-08:00,0,0
global.js,51,js,fc82d077,Adrian,2025-01-24,01:32:04,-08:00,2025-01-24T01:32:04-08:00,0,0
global.js,52,js,df4ade45,Adrian,2025-01-24,01:09:21,-08:00,2025-01-24T01:09:21-08:00,0,0
global.js,53,js,df4ade45,Adrian,2025-01-24,01:09:21,-08:00,2025-01-24T01:09:21-08:00,0,0
global.js,54,js,df4ade45,Adrian,2025-01-24,01:09:21,-08:00,2025-01-24T01:09:21-08:00,0,32
global.js,55,js,df4ade45,Adrian,2025-01-24,01:09:21,-08:00,2025-01-24T01:09:21-08:00,0,12
global.js,56,js,df4ade45,Adrian,2025-01-24,01:09:21,-08:00,2025-01-24T01:09:21-08:00,0,0
global.js,57,js,97a41471,Adrian,2025-01-24,02:06:30,-08:00,2025-01-24T02:06:30-08:00,0,27
global.js,58,js,97a41471,Adrian,2025-01-24,02:06:30,-08:00,2025-01-24T02:06:30-08:00,0,5
global.js,59,js,97a41471,Adrian,2025-01-24,02:06:30,-08:00,2025-01-24T02:06:30-08:00,0,25
global.js,60,js,97a41471,Adrian,2025-01-24,02:06:30,-08:00,2025-01-24T02:06:30-08:00,0,44
global.js,61,js,df4ade45,Adrian,2025-01-24,01:09:21,-08:00,2025-01-24T01:09:21-08:00,0,35
global.js,62,js,df4ade45,Adrian,2025-01-24,01:09:21,-08:00,2025-01-24T01:09:21-08:00,0,33
global.js,63,js,97a41471,Adrian,2025-01-24,02:06:30,-08:00,2025-01-24T02:06:30-08:00,0,8
global.js,64,js,97a41471,Adrian,2025-01-24,02:06:30,-08:00,2025-01-24T02:06:30-08:00,0,8
global.js,65,js,df4ade45,Adrian,2025-01-24,01:09:21,-08:00,2025-01-24T01:09:21-08:00,0,1
global.js,66,js,df4ade45,Adrian,2025-01-24,01:09:21,-08:00,2025-01-24T01:09:21-08:00,0,0
global.js,67,js,97a41471,Adrian,2025-01-24,02:06:30,-08:00,2025-01-24T02:06:30-08:00,0,52
global.js,68,js,97a41471,Adrian,2025-01-24,02:06:30,-08:00,2025-01-24T02:06:30-08:00,0,0
global.js,69,js,97a41471,Adrian,2025-01-24,02:06:30,-08:00,2025-01-24T02:06:30-08:00,0,60
global.js,70,js,97a41471,Adrian,2025-01-24,02:06:30,-08:00,2025-01-24T02:06:30-08:00,0,71
global.js,71,js,97a41471,Adrian,2025-01-24,02:06:30,-08:00,2025-01-24T02:06:30-08:00,0,26
global.js,72,js,97a41471,Adrian,2025-01-24,02:06:30,-08:00,2025-01-24T02:06:30-08:00,0,0
global.js,73,js,97a41471,Adrian,2025-01-24,02:06:30,-08:00,2025-01-24T02:06:30-08:00,0,50
global.js,74,js,97a41471,Adrian,2025-01-24,02:06:30,-08:00,2025-01-24T02:06:30-08:00,0,58
global.js,75,js,97a41471,Adrian,2025-01-24,02:06:30,-08:00,2025-01-24T02:06:30-08:00,0,78
global.js,76,js,97a41471,Adrian,2025-01-24,02:06:30,-08:00,2025-01-24T02:06:30-08:00,0,45
global.js,77,js,97a41471,Adrian,2025-01-24,02:06:30,-08:00,2025-01-24T02:06:30-08:00,0,2
global.js,78,js,97a41471,Adrian,2025-01-24,02:06:30,-08:00,2025-01-24T02:06:30-08:00,0,0
global.js,79,js,97a41471,Adrian,2025-01-24,02:06:30,-08:00,2025-01-24T02:06:30-08:00,0,0
global.js,80,js,97a41471,Adrian,2025-01-24,02:06:30,-08:00,2025-01-24T02:06:30-08:00,0,41
global.js,81,js,97a41471,Adrian,2025-01-24,02:06:30,-08:00,2025-01-24T02:06:30-08:00,0,50
global.js,82,js,97a41471,Adrian,2025-01-24,02:06:30,-08:00,2025-01-24T02:06:30-08:00,0,22
global.js,83,js,df4ade45,Adrian,2025-01-24,01:09:21,-08:00,2025-01-24T01:09:21-08:00,0,0
global.js,84,js,97a41471,Adrian,2025-01-24,02:06:30,-08:00,2025-01-24T02:06:30-08:00,0,29
global.js,85,js,97a41471,Adrian,2025-01-24,02:06:30,-08:00,2025-01-24T02:06:30-08:00,0,27
global.js,86,js,97a41471,Adrian,2025-01-24,02:06:30,-08:00,2025-01-24T02:06:30-08:00,0,15
global.js,87,js,df4ade45,Adrian,2025-01-24,01:09:21,-08:00,2025-01-24T01:09:21-08:00,0,0
global.js,88,js,97a41471,Adrian,2025-01-24,02:06:30,-08:00,2025-01-24T02:06:30-08:00,0,32
global.js,89,js,97a41471,Adrian,2025-01-24,02:06:30,-08:00,2025-01-24T02:06:30-08:00,0,51
global.js,90,js,97a41471,Adrian,2025-01-24,02:06:30,-08:00,2025-01-24T02:06:30-08:00,0,0
global.js,91,js,df4ade45,Adrian,2025-01-24,01:09:21,-08:00,2025-01-24T01:09:21-08:00,0,0
global.js,92,js,97a41471,Adrian,2025-01-24,02:06:30,-08:00,2025-01-24T02:06:30-08:00,0,23
global.js,93,js,97a41471,Adrian,2025-01-24,02:06:30,-08:00,2025-01-24T02:06:30-08:00,0,0
global.js,94,js,97a41471,Adrian,2025-01-24,02:06:30,-08:00,2025-01-24T02:06:30-08:00,0,34
global.js,95,js,97a41471,Adrian,2025-01-24,02:06:30,-08:00,2025-01-24T02:06:30-08:00,0,0
global.js,96,js,97a41471,Adrian,2025-01-24,02:06:30,-08:00,2025-01-24T02:06:30-08:00,0,19
global.js,97,js,97a41471,Adrian,2025-01-24,02:06:30,-08:00,2025-01-24T02:06:30-08:00,0,2
global.js,98,js,2859fe17,Adrian,2025-01-31,11:41:11,-08:00,2025-01-31T11:41:11-08:00,0,0
global.js,99,js,2859fe17,Adrian,2025-01-31,11:41:11,-08:00,2025-01-31T11:41:11-08:00,0,37
global.js,100,js,2859fe17,Adrian,2025-01-31,11:41:11,-08:00,2025-01-31T11:41:11-08:00,0,4
global.js,101,js,2859fe17,Adrian,2025-01-31,11:41:11,-08:00,2025-01-31T11:41:11-08:00,0,40
global.js,102,js,2859fe17,Adrian,2025-01-31,11:41:11,-08:00,2025-01-31T11:41:11-08:00,0,33
global.js,103,js,054ac11d,Adrian,2025-02-10,01:48:23,-08:00,2025-02-10T01:48:23-08:00,0,18
global.js,104,js,054ac11d,Adrian,2025-02-10,01:48:23,-08:00,2025-02-10T01:48:23-08:00,0,23
global.js,105,js,2859fe17,Adrian,2025-01-31,11:41:11,-08:00,2025-01-31T11:41:11-08:00,0,18
global.js,106,js,2859fe17,Adrian,2025-01-31,11:41:11,-08:00,2025-01-31T11:41:11-08:00,0,67
global.js,107,js,2859fe17,Adrian,2025-01-31,11:41:11,-08:00,2025-01-31T11:41:11-08:00,0,0
global.js,108,js,2859fe17,Adrian,2025-01-31,11:41:11,-08:00,2025-01-31T11:41:11-08:00,0,23
global.js,109,js,2859fe17,Adrian,2025-01-31,11:41:11,-08:00,2025-01-31T11:41:11-08:00,0,34
global.js,110,js,2859fe17,Adrian,2025-01-31,11:41:11,-08:00,2025-01-31T11:41:11-08:00,0,11
global.js,111,js,2859fe17,Adrian,2025-01-31,11:41:11,-08:00,2025-01-31T11:41:11-08:00,0,0
global.js,112,js,2859fe17,Adrian,2025-01-31,11:41:11,-08:00,2025-01-31T11:41:11-08:00,0,16
global.js,113,js,2859fe17,Adrian,2025-01-31,11:41:11,-08:00,2025-01-31T11:41:11-08:00,0,60
global.js,114,js,2859fe17,Adrian,2025-01-31,11:41:11,-08:00,2025-01-31T11:41:11-08:00,0,0
global.js,115,js,2859fe17,Adrian,2025-01-31,11:41:11,-08:00,2025-01-31T11:41:11-08:00,0,0
global.js,116,js,2859fe17,Adrian,2025-01-31,11:41:11,-08:00,2025-01-31T11:41:11-08:00,0,0
global.js,117,js,2859fe17,Adrian,2025-01-31,11:41:11,-08:00,2025-01-31T11:41:11-08:00,0,73
global.js,118,js,2859fe17,Adrian,2025-01-31,11:41:11,-08:00,2025-01-31T11:41:11-08:00,0,34
global.js,119,js,2859fe17,Adrian,2025-01-31,11:41:11,-08:00,2025-01-31T11:41:11-08:00,0,59
global.js,120,js,2859fe17,Adrian,2025-01-31,11:41:11,-08:00,2025-01-31T11:41:11-08:00,0,24
global.js,121,js,2859fe17,Adrian,2025-01-31,11:41:11,-08:00,2025-01-31T11:41:11-08:00,0,7
global.js,122,js,2859fe17,Adrian,2025-01-31,11:41:11,-08:00,2025-01-31T11:41:11-08:00,0,0
global.js,123,js,2859fe17,Adrian,2025-01-31,11:41:11,-08:00,2025-01-31T11:41:11-08:00,0,0
global.js,124,js,2859fe17,Adrian,2025-01-31,11:41:11,-08:00,2025-01-31T11:41:11-08:00,0,0
global.js,125,js,2859fe17,Adrian,2025-01-31,11:41:11,-08:00,2025-01-31T11:41:11-08:00,0,80
global.js,126,js,2859fe17,Adrian,2025-01-31,11:41:11,-08:00,2025-01-31T11:41:11-08:00,0,24
global.js,127,js,2859fe17,Adrian,2025-01-31,11:41:11,-08:00,2025-01-31T11:41:11-08:00,0,48
global.js,128,js,2859fe17,Adrian,2025-01-31,11:41:11,-08:00,2025-01-31T11:41:11-08:00,0,69
global.js,129,js,2859fe17,Adrian,2025-01-31,11:41:11,-08:00,2025-01-31T11:41:11-08:00,0,52
global.js,130,js,2859fe17,Adrian,2025-01-31,11:41:11,-08:00,2025-01-31T11:41:11-08:00,0,6
global.js,131,js,2859fe17,Adrian,2025-01-31,11:41:11,-08:00,2025-01-31T11:41:11-08:00,0,0
global.js,132,js,2859fe17,Adrian,2025-01-31,11:41:11,-08:00,2025-01-31T11:41:11-08:00,0,0
global.js,133,js,2859fe17,Adrian,2025-01-31,11:41:11,-08:00,2025-01-31T11:41:11-08:00,0,63
global.js,134,js,2859fe17,Adrian,2025-01-31,11:41:11,-08:00,2025-01-31T11:41:11-08:00,0,58
global.js,135,js,2859fe17,Adrian,2025-01-31,11:41:11,-08:00,2025-01-31T11:41:11-08:00,0,43
global.js,136,js,2859fe17,Adrian,2025-01-31,11:41:11,-08:00,2025-01-31T11:41:11-08:00,0,76
global.js,137,js,2859fe17,Adrian,2025-01-31,11:41:11,-08:00,2025-01-31T11:41:11-08:00,0,59
global.js,138,js,2859fe17,Adrian,2025-01-31,11:41:11,-08:00,2025-01-31T11:41:11-08:00,0,0
global.js,139,js,2859fe17,Adrian,2025-01-31,11:41:11,-08:00,2025-01-31T11:41:11-08:00,0,0
global.js,140,js,2859fe17,Adrian,2025-01-31,11:41:11,-08:00,2025-01-31T11:41:11-08:00,0,31
global.js,141,js,2859fe17,Adrian,2025-01-31,11:41:11,-08:00,2025-01-31T11:41:11-08:00,0,0
global.js,142,js,2859fe17,Adrian,2025-01-31,11:41:11,-08:00,2025-01-31T11:41:11-08:00,0,30
global.js,143,js,2859fe17,Adrian,2025-01-31,11:41:11,-08:00,2025-01-31T11:41:11-08:00,0,49
global.js,144,js,2859fe17,Adrian,2025-01-31,11:41:11,-08:00,2025-01-31T11:41:11-08:00,0,20
global.js,145,js,2859fe17,Adrian,2025-01-31,11:41:11,-08:00,2025-01-31T11:41:11-08:00,0,50
global.js,146,js,2859fe17,Adrian,2025-01-31,11:41:11,-08:00,2025-01-31T11:41:11-08:00,0,50
global.js,147,js,2859fe17,Adrian,2025-01-31,11:41:11,-08:00,2025-01-31T11:41:11-08:00,0,28
global.js,148,js,a87e042c,Adrian,2025-02-08,21:40:04,-08:00,2025-02-08T21:40:04-08:00,0,48
global.js,149,js,2859fe17,Adrian,2025-01-31,11:41:11,-08:00,2025-01-31T11:41:11-08:00,0,1
global.js,150,js,2859fe17,Adrian,2025-01-31,11:41:11,-08:00,2025-01-31T11:41:11-08:00,0,37
global.js,151,js,2859fe17,Adrian,2025-01-31,11:41:11,-08:00,2025-01-31T11:41:11-08:00,0,0
global.js,152,js,2859fe17,Adrian,2025-01-31,11:41:11,-08:00,2025-01-31T11:41:11-08:00,0,0
global.js,153,js,2859fe17,Adrian,2025-01-31,11:41:11,-08:00,2025-01-31T11:41:11-08:00,0,0
global.js,154,js,2859fe17,Adrian,2025-01-31,11:41:11,-08:00,2025-01-31T11:41:11-08:00,0,0
global.js,155,js,2859fe17,Adrian,2025-01-31,11:41:11,-08:00,2025-01-31T11:41:11-08:00,0,44
global.js,156,js,2859fe17,Adrian,2025-01-31,11:41:11,-08:00,2025-01-31T11:41:11-08:00,0,34
global.js,157,js,2859fe17,Adrian,2025-01-31,11:41:11,-08:00,2025-01-31T11:41:11-08:00,0,42
global.js,158,js,2859fe17,Adrian,2025-01-31,11:41:11,-08:00,2025-01-31T11:41:11-08:00,0,63
global.js,159,js,2859fe17,Adrian,2025-01-31,11:41:11,-08:00,2025-01-31T11:41:11-08:00,0,0
global.js,160,js,2859fe17,Adrian,2025-01-31,11:41:11,-08:00,2025-01-31T11:41:11-08:00,0,78
global.js,161,js,2859fe17,Adrian,2025-01-31,11:41:11,-08:00,2025-01-31T11:41:11-08:00,0,60
global.js,162,js,2859fe17,Adrian,2025-01-31,11:41:11,-08:00,2025-01-31T11:41:11-08:00,0,0
global.js,163,js,2859fe17,Adrian,2025-01-31,11:41:11,-08:00,2025-01-31T11:41:11-08:00,0,28
global.js,164,js,2859fe17,Adrian,2025-01-31,11:41:11,-08:00,2025-01-31T11:41:11-08:00,0,48
global.js,165,js,2859fe17,Adrian,2025-01-31,11:41:11,-08:00,2025-01-31T11:41:11-08:00,0,7
global.js,166,js,2859fe17,Adrian,2025-01-31,11:41:11,-08:00,2025-01-31T11:41:11-08:00,0,0
global.js,167,js,022ab23f,Adrian,2025-01-31,18:52:01,-08:00,2025-01-31T18:52:01-08:00,0,48
global.js,168,js,022ab23f,Adrian,2025-01-31,18:52:01,-08:00,2025-01-31T18:52:01-08:00,0,60
global.js,169,js,022ab23f,Adrian,2025-01-31,18:52:01,-08:00,2025-01-31T18:52:01-08:00,0,0
resume/index.html,1,html,5c1455ec,Adrian,2025-01-10,00:04:13,-08:00,2025-01-10T00:04:13-08:00,0,14
resume/index.html,2,html,5c1455ec,Adrian,2025-01-10,00:04:13,-08:00,2025-01-10T00:04:13-08:00,0,15
resume/index.html,3,html,5c1455ec,Adrian,2025-01-10,00:04:13,-08:00,2025-01-10T00:04:13-08:00,0,5
resume/index.html,4,html,5c1455ec,Adrian,2025-01-10,00:04:13,-08:00,2025-01-10T00:04:13-08:00,0,21
resume/index.html,5,html,5c1455ec,Adrian,2025-01-10,00:04:13,-08:00,2025-01-10T00:04:13-08:00,0,69
resume/index.html,6,html,5c1455ec,Adrian,2025-01-10,00:04:13,-08:00,2025-01-10T00:04:13-08:00,0,20
resume/index.html,7,html,8b8f22d3,Adrian,2025-01-16,20:59:13,-08:00,2025-01-16T20:59:13-08:00,0,42
resume/index.html,8,html,5c1455ec,Adrian,2025-01-10,00:04:13,-08:00,2025-01-10T00:04:13-08:00,0,6
resume/index.html,9,html,5c1455ec,Adrian,2025-01-10,00:04:13,-08:00,2025-01-10T00:04:13-08:00,0,5
resume/index.html,10,html,df4ade45,Adrian,2025-01-24,01:09:21,-08:00,2025-01-24T01:09:21-08:00,0,9
resume/index.html,11,html,5c69dbb7,Adrian,2025-01-10,10:26:06,-08:00,2025-01-10T10:26:06-08:00,0,40
resume/index.html,12,html,5c69dbb7,Adrian,2025-01-10,10:26:06,-08:00,2025-01-10T10:26:06-08:00,0,53
resume/index.html,13,html,5c69dbb7,Adrian,2025-01-10,10:26:06,-08:00,2025-01-10T10:26:06-08:00,0,51
resume/index.html,14,html,df4ade45,Adrian,2025-01-24,01:09:21,-08:00,2025-01-24T01:09:21-08:00,0,39
resume/index.html,15,html,5c69dbb7,Adrian,2025-01-10,10:26:06,-08:00,2025-01-10T10:26:06-08:00,0,83
resume/index.html,16,html,df4ade45,Adrian,2025-01-24,01:09:21,-08:00,2025-01-24T01:09:21-08:00,0,9
resume/index.html,17,html,5c1455ec,Adrian,2025-01-10,00:04:13,-08:00,2025-01-10T00:04:13-08:00,0,0
resume/index.html,18,html,5c1455ec,Adrian,2025-01-10,00:04:13,-08:00,2025-01-10T00:04:13-08:00,0,14
resume/index.html,19,html,5c1455ec,Adrian,2025-01-10,00:04:13,-08:00,2025-01-10T00:04:13-08:00,0,8
resume/index.html,20,html,5c1455ec,Adrian,2025-01-10,00:04:13,-08:00,2025-01-10T00:04:13-08:00,0,7
resume/index.html,21,html,5c1455ec,Adrian,2025-01-10,00:04:13,-08:00,2025-01-10T00:04:13-08:00,0,17
resume/index.html,22,html,5c1455ec,Adrian,2025-01-10,00:04:13,-08:00,2025-01-10T00:04:13-08:00,0,8
resume/index.html,23,html,5c1455ec,Adrian,2025-01-10,00:04:13,-08:00,2025-01-10T00:04:13-08:00,0,8
resume/index.html,24,html,5c1455ec,Adrian,2025-01-10,00:04:13,-08:00,2025-01-10T00:04:13-08:00,0,7
resume/index.html,25,html,5c1455ec,Adrian,2025-01-10,00:04:13,-08:00,2025-01-10T00:04:13-08:00,0,43
resume/index.html,26,html,5c1455ec,Adrian,2025-01-10,00:04:13,-08:00,2025-01-10T00:04:13-08:00,0,8
resume/index.html,27,html,b39b9d30,Adrian,2025-01-10,14:16:47,-08:00,2025-01-10T14:16:47-08:00,0,18
resume/index.html,28,html,b39b9d30,Adrian,2025-01-10,14:16:47,-08:00,2025-01-10T14:16:47-08:00,0,41
resume/index.html,29,html,b39b9d30,Adrian,2025-01-10,14:16:47,-08:00,2025-01-10T14:16:47-08:00,0,89
resume/index.html,30,html,5c1455ec,Adrian,2025-01-10,00:04:13,-08:00,2025-01-10T00:04:13-08:00,0,9
resume/index.html,31,html,5c1455ec,Adrian,2025-01-10,00:04:13,-08:00,2025-01-10T00:04:13-08:00,0,9
resume/index.html,32,html,5c1455ec,Adrian,2025-01-10,00:04:13,-08:00,2025-01-10T00:04:13-08:00,0,0
resume/index.html,33,html,b39b9d30,Adrian,2025-01-10,14:16:47,-08:00,2025-01-10T14:16:47-08:00,0,8
resume/index.html,34,html,b39b9d30,Adrian,2025-01-10,14:16:47,-08:00,2025-01-10T14:16:47-08:00,0,7
resume/index.html,35,html,b39b9d30,Adrian,2025-01-10,14:16:47,-08:00,2025-01-10T14:16:47-08:00,0,14
resume/index.html,36,html,b39b9d30,Adrian,2025-01-10,14:16:47,-08:00,2025-01-10T14:16:47-08:00,0,8
resume/index.html,37,html,b39b9d30,Adrian,2025-01-10,14:16:47,-08:00,2025-01-10T14:16:47-08:00,0,3
resume/index.html,38,html,e8c39b53,Adrian,2025-01-17,18:40:17,-08:00,2025-01-17T18:40:17-08:00,0,69
resume/index.html,39,html,e8c39b53,Adrian,2025-01-17,18:40:17,-08:00,2025-01-17T18:40:17-08:00,0,129
resume/index.html,40,html,e8c39b53,Adrian,2025-01-17,18:40:17,-08:00,2025-01-17T18:40:17-08:00,0,132
resume/index.html,41,html,e8c39b53,Adrian,2025-01-17,18:40:17,-08:00,2025-01-17T18:40:17-08:00,0,125
resume/index.html,42,html,e8c39b53,Adrian,2025-01-17,18:40:17,-08:00,2025-01-17T18:40:17-08:00,0,126
resume/index.html,43,html,b39b9d30,Adrian,2025-01-10,14:16:47,-08:00,2025-01-10T14:16:47-08:00,0,4
resume/index.html,44,html,b39b9d30,Adrian,2025-01-10,14:16:47,-08:00,2025-01-10T14:16:47-08:00,0,9
resume/index.html,45,html,b39b9d30,Adrian,2025-01-10,14:16:47,-08:00,2025-01-10T14:16:47-08:00,0,0
resume/index.html,46,html,5c69dbb7,Adrian,2025-01-10,10:26:06,-08:00,2025-01-10T10:26:06-08:00,0,8
resume/index.html,47,html,5c69dbb7,Adrian,2025-01-10,10:26:06,-08:00,2025-01-10T10:26:06-08:00,0,7
resume/index.html,48,html,5c69dbb7,Adrian,2025-01-10,10:26:06,-08:00,2025-01-10T10:26:06-08:00,0,18
resume/index.html,49,html,5c69dbb7,Adrian,2025-01-10,10:26:06,-08:00,2025-01-10T10:26:06-08:00,0,8
resume/index.html,50,html,5c69dbb7,Adrian,2025-01-10,10:26:06,-08:00,2025-01-10T10:26:06-08:00,0,8
resume/index.html,51,html,5c69dbb7,Adrian,2025-01-10,10:26:06,-08:00,2025-01-10T10:26:06-08:00,0,7
resume/index.html,52,html,5c69dbb7,Adrian,2025-01-10,10:26:06,-08:00,2025-01-10T10:26:06-08:00,0,39
resume/index.html,53,html,5c69dbb7,Adrian,2025-01-10,10:26:06,-08:00,2025-01-10T10:26:06-08:00,0,41
resume/index.html,54,html,5c69dbb7,Adrian,2025-01-10,10:26:06,-08:00,2025-01-10T10:26:06-08:00,0,40
resume/index.html,55,html,5c69dbb7,Adrian,2025-01-10,10:26:06,-08:00,2025-01-10T10:26:06-08:00,0,8
resume/index.html,56,html,5c69dbb7,Adrian,2025-01-10,10:26:06,-08:00,2025-01-10T10:26:06-08:00,0,3
resume/index.html,57,html,5c69dbb7,Adrian,2025-01-10,10:26:06,-08:00,2025-01-10T10:26:06-08:00,0,3
resume/index.html,58,html,e8c39b53,Adrian,2025-01-17,18:40:17,-08:00,2025-01-17T18:40:17-08:00,0,64
resume/index.html,59,html,5c69dbb7,Adrian,2025-01-10,10:26:06,-08:00,2025-01-10T10:26:06-08:00,0,4
resume/index.html,60,html,5c69dbb7,Adrian,2025-01-10,10:26:06,-08:00,2025-01-10T10:26:06-08:00,0,4
resume/index.html,61,html,5c69dbb7,Adrian,2025-01-10,10:26:06,-08:00,2025-01-10T10:26:06-08:00,0,9
resume/index.html,62,html,5c69dbb7,Adrian,2025-01-10,10:26:06,-08:00,2025-01-10T10:26:06-08:00,0,8
resume/index.html,63,html,5c69dbb7,Adrian,2025-01-10,10:26:06,-08:00,2025-01-10T10:26:06-08:00,0,7
resume/index.html,64,html,5c69dbb7,Adrian,2025-01-10,10:26:06,-08:00,2025-01-10T10:26:06-08:00,0,27
resume/index.html,65,html,5c69dbb7,Adrian,2025-01-10,10:26:06,-08:00,2025-01-10T10:26:06-08:00,0,60
resume/index.html,66,html,b39b9d30,Adrian,2025-01-10,14:16:47,-08:00,2025-01-10T14:16:47-08:00,0,53
resume/index.html,67,html,5c69dbb7,Adrian,2025-01-10,10:26:06,-08:00,2025-01-10T10:26:06-08:00,0,8
resume/index.html,68,html,5c69dbb7,Adrian,2025-01-10,10:26:06,-08:00,2025-01-10T10:26:06-08:00,0,3
resume/index.html,69,html,5c69dbb7,Adrian,2025-01-10,10:26:06,-08:00,2025-01-10T10:26:06-08:00,0,3
resume/index.html,70,html,5c69dbb7,Adrian,2025-01-10,10:26:06,-08:00,2025-01-10T10:26:06-08:00,0,109
resume/index.html,71,html,e8c39b53,Adrian,2025-01-17,18:40:17,-08:00,2025-01-17T18:40:17-08:00,0,116
resume/index.html,72,html,e8c39b53,Adrian,2025-01-17,18:40:17,-08:00,2025-01-17T18:40:17-08:00,0,116
resume/index.html,73,html,5c69dbb7,Adrian,2025-01-10,10:26:06,-08:00,2025-01-10T10:26:06-08:00,0,30
resume/index.html,74,html,5c69dbb7,Adrian,2025-01-10,10:26:06,-08:00,2025-01-10T10:26:06-08:00,0,4
resume/index.html,75,html,5c69dbb7,Adrian,2025-01-10,10:26:06,-08:00,2025-01-10T10:26:06-08:00,0,3
resume/index.html,76,html,e8c39b53,Adrian,2025-01-17,18:40:17,-08:00,2025-01-17T18:40:17-08:00,0,135
resume/index.html,77,html,e8c39b53,Adrian,2025-01-17,18:40:17,-08:00,2025-01-17T18:40:17-08:00,0,153
resume/index.html,78,html,5c69dbb7,Adrian,2025-01-10,10:26:06,-08:00,2025-01-10T10:26:06-08:00,0,13
resume/index.html,79,html,5c69dbb7,Adrian,2025-01-10,10:26:06,-08:00,2025-01-10T10:26:06-08:00,0,4
resume/index.html,80,html,5c69dbb7,Adrian,2025-01-10,10:26:06,-08:00,2025-01-10T10:26:06-08:00,0,3
resume/index.html,81,html,e8c39b53,Adrian,2025-01-17,18:40:17,-08:00,2025-01-17T18:40:17-08:00,0,137
resume/index.html,82,html,e8c39b53,Adrian,2025-01-17,18:40:17,-08:00,2025-01-17T18:40:17-08:00,0,149
resume/index.html,83,html,5c69dbb7,Adrian,2025-01-10,10:26:06,-08:00,2025-01-10T10:26:06-08:00,0,26
resume/index.html,84,html,5c69dbb7,Adrian,2025-01-10,10:26:06,-08:00,2025-01-10T10:26:06-08:00,0,4
resume/index.html,85,html,5c69dbb7,Adrian,2025-01-10,10:26:06,-08:00,2025-01-10T10:26:06-08:00,0,4
resume/index.html,86,html,5c69dbb7,Adrian,2025-01-10,10:26:06,-08:00,2025-01-10T10:26:06-08:00,0,9
resume/index.html,87,html,5c69dbb7,Adrian,2025-01-10,10:26:06,-08:00,2025-01-10T10:26:06-08:00,0,8
resume/index.html,88,html,5c69dbb7,Adrian,2025-01-10,10:26:06,-08:00,2025-01-10T10:26:06-08:00,0,7
resume/index.html,89,html,b39b9d30,Adrian,2025-01-10,14:16:47,-08:00,2025-01-10T14:16:47-08:00,0,31
resume/index.html,90,html,b39b9d30,Adrian,2025-01-10,14:16:47,-08:00,2025-01-10T14:16:47-08:00,0,56
resume/index.html,91,html,b39b9d30,Adrian,2025-01-10,14:16:47,-08:00,2025-01-10T14:16:47-08:00,0,53
resume/index.html,92,html,5c69dbb7,Adrian,2025-01-10,10:26:06,-08:00,2025-01-10T10:26:06-08:00,0,8
resume/index.html,93,html,5c69dbb7,Adrian,2025-01-10,10:26:06,-08:00,2025-01-10T10:26:06-08:00,0,3
resume/index.html,94,html,b39b9d30,Adrian,2025-01-10,14:16:47,-08:00,2025-01-10T14:16:47-08:00,0,3
resume/index.html,95,html,e8c39b53,Adrian,2025-01-17,18:40:17,-08:00,2025-01-17T18:40:17-08:00,0,137
resume/index.html,96,html,b39b9d30,Adrian,2025-01-10,14:16:47,-08:00,2025-01-10T14:16:47-08:00,0,88
resume/index.html,97,html,b39b9d30,Adrian,2025-01-10,14:16:47,-08:00,2025-01-10T14:16:47-08:00,0,4
resume/index.html,98,html,b39b9d30,Adrian,2025-01-10,14:16:47,-08:00,2025-01-10T14:16:47-08:00,0,3
resume/index.html,99,html,b39b9d30,Adrian,2025-01-10,14:16:47,-08:00,2025-01-10T14:16:47-08:00,0,108
resume/index.html,100,html,b39b9d30,Adrian,2025-01-10,14:16:47,-08:00,2025-01-10T14:16:47-08:00,0,4
resume/index.html,101,html,b39b9d30,Adrian,2025-01-10,14:16:47,-08:00,2025-01-10T14:16:47-08:00,0,3
resume/index.html,102,html,b39b9d30,Adrian,2025-01-10,14:16:47,-08:00,2025-01-10T14:16:47-08:00,0,90
resume/index.html,103,html,b39b9d30,Adrian,2025-01-10,14:16:47,-08:00,2025-01-10T14:16:47-08:00,0,4
resume/index.html,104,html,b39b9d30,Adrian,2025-01-10,14:16:47,-08:00,2025-01-10T14:16:47-08:00,0,4
resume/index.html,105,html,b39b9d30,Adrian,2025-01-10,14:16:47,-08:00,2025-01-10T14:16:47-08:00,0,9
resume/index.html,106,html,b39b9d30,Adrian,2025-01-10,14:16:47,-08:00,2025-01-10T14:16:47-08:00,0,8
resume/index.html,107,html,b39b9d30,Adrian,2025-01-10,14:16:47,-08:00,2025-01-10T14:16:47-08:00,0,7
resume/index.html,108,html,b39b9d30,Adrian,2025-01-10,14:16:47,-08:00,2025-01-10T14:16:47-08:00,0,28
resume/index.html,109,html,b39b9d30,Adrian,2025-01-10,14:16:47,-08:00,2025-01-10T14:16:47-08:00,0,56
resume/index.html,110,html,b39b9d30,Adrian,2025-01-10,14:16:47,-08:00,2025-01-10T14:16:47-08:00,0,84
resume/index.html,111,html,b39b9d30,Adrian,2025-01-10,14:16:47,-08:00,2025-01-10T14:16:47-08:00,0,8
resume/index.html,112,html,b39b9d30,Adrian,2025-01-10,14:16:47,-08:00,2025-01-10T14:16:47-08:00,0,3
resume/index.html,113,html,b39b9d30,Adrian,2025-01-10,14:16:47,-08:00,2025-01-10T14:16:47-08:00,0,3
resume/index.html,114,html,e8c39b53,Adrian,2025-01-17,18:40:17,-08:00,2025-01-17T18:40:17-08:00,0,136
resume/index.html,115,html,e8c39b53,Adrian,2025-01-17,18:40:17,-08:00,2025-01-17T18:40:17-08:00,0,113
resume/index.html,116,html,b39b9d30,Adrian,2025-01-10,14:16:47,-08:00,2025-01-10T14:16:47-08:00,0,4
resume/index.html,117,html,b39b9d30,Adrian,2025-01-10,14:16:47,-08:00,2025-01-10T14:16:47-08:00,0,3
resume/index.html,118,html,e8c39b53,Adrian,2025-01-17,18:40:17,-08:00,2025-01-17T18:40:17-08:00,0,130
resume/index.html,119,html,e8c39b53,Adrian,2025-01-17,18:40:17,-08:00,2025-01-17T18:40:17-08:00,0,24
resume/index.html,120,html,b39b9d30,Adrian,2025-01-10,14:16:47,-08:00,2025-01-10T14:16:47-08:00,0,4
resume/index.html,121,html,5c69dbb7,Adrian,2025-01-10,10:26:06,-08:00,2025-01-10T10:26:06-08:00,0,4
resume/index.html,122,html,5c69dbb7,Adrian,2025-01-10,10:26:06,-08:00,2025-01-10T10:26:06-08:00,0,9
resume/index.html,123,html,5c69dbb7,Adrian,2025-01-10,10:26:06,-08:00,2025-01-10T10:26:06-08:00,0,9
resume/index.html,124,html,5c69dbb7,Adrian,2025-01-10,10:26:06,-08:00,2025-01-10T10:26:06-08:00,0,0
resume/index.html,125,html,5c69dbb7,Adrian,2025-01-10,10:26:06,-08:00,2025-01-10T10:26:06-08:00,0,8
resume/index.html,126,html,5c69dbb7,Adrian,2025-01-10,10:26:06,-08:00,2025-01-10T10:26:06-08:00,0,7
resume/index.html,127,html,5c69dbb7,Adrian,2025-01-10,10:26:06,-08:00,2025-01-10T10:26:06-08:00,0,16
resume/index.html,128,html,b39b9d30,Adrian,2025-01-10,14:16:47,-08:00,2025-01-10T14:16:47-08:00,0,52
resume/index.html,129,html,5c69dbb7,Adrian,2025-01-10,10:26:06,-08:00,2025-01-10T10:26:06-08:00,0,8
resume/index.html,130,html,b39b9d30,Adrian,2025-01-10,14:16:47,-08:00,2025-01-10T14:16:47-08:00,0,8
resume/index.html,131,html,b39b9d30,Adrian,2025-01-10,14:16:47,-08:00,2025-01-10T14:16:47-08:00,0,7
resume/index.html,132,html,b39b9d30,Adrian,2025-01-10,14:16:47,-08:00,2025-01-10T14:16:47-08:00,0,29
resume/index.html,133,html,b39b9d30,Adrian,2025-01-10,14:16:47,-08:00,2025-01-10T14:16:47-08:00,0,8
resume/index.html,134,html,b39b9d30,Adrian,2025-01-10,14:16:47,-08:00,2025-01-10T14:16:47-08:00,0,3
resume/index.html,135,html,b39b9d30,Adrian,2025-01-10,14:16:47,-08:00,2025-01-10T14:16:47-08:00,0,3
resume/index.html,136,html,e8c39b53,Adrian,2025-01-17,18:40:17,-08:00,2025-01-17T18:40:17-08:00,0,128
resume/index.html,137,html,e8c39b53,Adrian,2025-01-17,18:40:17,-08:00,2025-01-17T18:40:17-08:00,0,40
resume/index.html,138,html,b39b9d30,Adrian,2025-01-10,14:16:47,-08:00,2025-01-10T14:16:47-08:00,0,4
resume/index.html,139,html,b39b9d30,Adrian,2025-01-10,14:16:47,-08:00,2025-01-10T14:16:47-08:00,0,3
resume/index.html,140,html,e8c39b53,Adrian,2025-01-17,18:40:17,-08:00,2025-01-17T18:40:17-08:00,0,125
resume/index.html,141,html,e8c39b53,Adrian,2025-01-17,18:40:17,-08:00,2025-01-17T18:40:17-08:00,0,131
resume/index.html,142,html,e8c39b53,Adrian,2025-01-17,18:40:17,-08:00,2025-01-17T18:40:17-08:00,0,17
resume/index.html,143,html,b39b9d30,Adrian,2025-01-10,14:16:47,-08:00,2025-01-10T14:16:47-08:00,0,4
resume/index.html,144,html,b39b9d30,Adrian,2025-01-10,14:16:47,-08:00,2025-01-10T14:16:47-08:00,0,3
resume/index.html,145,html,e8c39b53,Adrian,2025-01-17,18:40:17,-08:00,2025-01-17T18:40:17-08:00,0,131
resume/index.html,146,html,e8c39b53,Adrian,2025-01-17,18:40:17,-08:00,2025-01-17T18:40:17-08:00,0,100
resume/index.html,147,html,b39b9d30,Adrian,2025-01-10,14:16:47,-08:00,2025-01-10T14:16:47-08:00,0,4
resume/index.html,148,html,b39b9d30,Adrian,2025-01-10,14:16:47,-08:00,2025-01-10T14:16:47-08:00,0,4
resume/index.html,149,html,b39b9d30,Adrian,2025-01-10,14:16:47,-08:00,2025-01-10T14:16:47-08:00,0,9
resume/index.html,150,html,5c69dbb7,Adrian,2025-01-10,10:26:06,-08:00,2025-01-10T10:26:06-08:00,0,8
resume/index.html,151,html,5c69dbb7,Adrian,2025-01-10,10:26:06,-08:00,2025-01-10T10:26:06-08:00,0,7
resume/index.html,152,html,5c69dbb7,Adrian,2025-01-10,10:26:06,-08:00,2025-01-10T10:26:06-08:00,0,45
resume/index.html,153,html,5c69dbb7,Adrian,2025-01-10,10:26:06,-08:00,2025-01-10T10:26:06-08:00,0,8
resume/index.html,154,html,b39b9d30,Adrian,2025-01-10,14:16:47,-08:00,2025-01-10T14:16:47-08:00,0,3
resume/index.html,155,html,b39b9d30,Adrian,2025-01-10,14:16:47,-08:00,2025-01-10T14:16:47-08:00,0,3
resume/index.html,156,html,e8c39b53,Adrian,2025-01-17,18:40:17,-08:00,2025-01-17T18:40:17-08:00,0,131
resume/index.html,157,html,e8c39b53,Adrian,2025-01-17,18:40:17,-08:00,2025-01-17T18:40:17-08:00,0,136
resume/index.html,158,html,e8c39b53,Adrian,2025-01-17,18:40:17,-08:00,2025-01-17T18:40:17-08:00,0,21
resume/index.html,159,html,b39b9d30,Adrian,2025-01-10,14:16:47,-08:00,2025-01-10T14:16:47-08:00,0,4
resume/index.html,160,html,b39b9d30,Adrian,2025-01-10,14:16:47,-08:00,2025-01-10T14:16:47-08:00,0,3
resume/index.html,161,html,e8c39b53,Adrian,2025-01-17,18:40:17,-08:00,2025-01-17T18:40:17-08:00,0,139
resume/index.html,162,html,e8c39b53,Adrian,2025-01-17,18:40:17,-08:00,2025-01-17T18:40:17-08:00,0,59
resume/index.html,163,html,b39b9d30,Adrian,2025-01-10,14:16:47,-08:00,2025-01-10T14:16:47-08:00,0,4
resume/index.html,164,html,b39b9d30,Adrian,2025-01-10,14:16:47,-08:00,2025-01-10T14:16:47-08:00,0,3
resume/index.html,165,html,e8c39b53,Adrian,2025-01-17,18:40:17,-08:00,2025-01-17T18:40:17-08:00,0,142
resume/index.html,166,html,e8c39b53,Adrian,2025-01-17,18:40:17,-08:00,2025-01-17T18:40:17-08:00,0,22
resume/index.html,167,html,b39b9d30,Adrian,2025-01-10,14:16:47,-08:00,2025-01-10T14:16:47-08:00,0,4
resume/index.html,168,html,b39b9d30,Adrian,2025-01-10,14:16:47,-08:00,2025-01-10T14:16:47-08:00,0,4
resume/index.html,169,html,5c69dbb7,Adrian,2025-01-10,10:26:06,-08:00,2025-01-10T10:26:06-08:00,0,9
resume/index.html,170,html,5c69dbb7,Adrian,2025-01-10,10:26:06,-08:00,2025-01-10T10:26:06-08:00,0,8
resume/index.html,171,html,5c69dbb7,Adrian,2025-01-10,10:26:06,-08:00,2025-01-10T10:26:06-08:00,0,7
resume/index.html,172,html,b39b9d30,Adrian,2025-01-10,14:16:47,-08:00,2025-01-10T14:16:47-08:00,0,37
resume/index.html,173,html,5c69dbb7,Adrian,2025-01-10,10:26:06,-08:00,2025-01-10T10:26:06-08:00,0,8
resume/index.html,174,html,b39b9d30,Adrian,2025-01-10,14:16:47,-08:00,2025-01-10T14:16:47-08:00,0,3
resume/index.html,175,html,b39b9d30,Adrian,2025-01-10,14:16:47,-08:00,2025-01-10T14:16:47-08:00,0,3
resume/index.html,176,html,e8c39b53,Adrian,2025-01-17,18:40:17,-08:00,2025-01-17T18:40:17-08:00,0,140
resume/index.html,177,html,e8c39b53,Adrian,2025-01-17,18:40:17,-08:00,2025-01-17T18:40:17-08:00,0,74
resume/index.html,178,html,b39b9d30,Adrian,2025-01-10,14:16:47,-08:00,2025-01-10T14:16:47-08:00,0,4
resume/index.html,179,html,b39b9d30,Adrian,2025-01-10,14:16:47,-08:00,2025-01-10T14:16:47-08:00,0,3
resume/index.html,180,html,e8c39b53,Adrian,2025-01-17,18:40:17,-08:00,2025-01-17T18:40:17-08:00,0,142
resume/index.html,181,html,e8c39b53,Adrian,2025-01-17,18:40:17,-08:00,2025-01-17T18:40:17-08:00,0,90
resume/index.html,182,html,b39b9d30,Adrian,2025-01-10,14:16:47,-08:00,2025-01-10T14:16:47-08:00,0,4
resume/index.html,183,html,b39b9d30,Adrian,2025-01-10,14:16:47,-08:00,2025-01-10T14:16:47-08:00,0,3
resume/index.html,184,html,e8c39b53,Adrian,2025-01-17,18:40:17,-08:00,2025-01-17T18:40:17-08:00,0,115
resume/index.html,185,html,b39b9d30,Adrian,2025-01-10,14:16:47,-08:00,2025-01-10T14:16:47-08:00,0,4
resume/index.html,186,html,b39b9d30,Adrian,2025-01-10,14:16:47,-08:00,2025-01-10T14:16:47-08:00,0,4
resume/index.html,187,html,5c69dbb7,Adrian,2025-01-10,10:26:06,-08:00,2025-01-10T10:26:06-08:00,0,9
resume/index.html,188,html,5c69dbb7,Adrian,2025-01-10,10:26:06,-08:00,2025-01-10T10:26:06-08:00,0,9
resume/index.html,189,html,df4ade45,Adrian,2025-01-24,01:09:21,-08:00,2025-01-24T01:09:21-08:00,0,49
resume/index.html,190,html,5c69dbb7,Adrian,2025-01-10,10:26:06,-08:00,2025-01-10T10:26:06-08:00,0,6
resume/index.html,191,html,5c69dbb7,Adrian,2025-01-10,10:26:06,-08:00,2025-01-10T10:26:06-08:00,0,6
projects/projects.js,1,js,2859fe17,Adrian,2025-01-31,11:41:11,-08:00,2025-01-31T11:41:11-08:00,0,56
projects/projects.js,2,js,a87e042c,Adrian,2025-02-08,21:40:04,-08:00,2025-02-08T21:40:04-08:00,0,64
projects/projects.js,3,js,2859fe17,Adrian,2025-01-31,11:41:11,-08:00,2025-01-31T11:41:11-08:00,0,0
projects/projects.js,4,js,054ac11d,Adrian,2025-02-10,01:48:23,-08:00,2025-02-10T01:48:23-08:00,0,56
projects/projects.js,5,js,054ac11d,Adrian,2025-02-10,01:48:23,-08:00,2025-02-10T01:48:23-08:00,0,61
projects/projects.js,6,js,054ac11d,Adrian,2025-02-10,01:48:23,-08:00,2025-02-10T01:48:23-08:00,0,29
projects/projects.js,7,js,054ac11d,Adrian,2025-02-10,01:48:23,-08:00,2025-02-10T01:48:23-08:00,0,63
projects/projects.js,8,js,054ac11d,Adrian,2025-02-10,01:48:23,-08:00,2025-02-10T01:48:23-08:00,0,57
projects/projects.js,9,js,054ac11d,Adrian,2025-02-10,01:48:23,-08:00,2025-02-10T01:48:23-08:00,0,49
projects/projects.js,10,js,054ac11d,Adrian,2025-02-10,01:48:23,-08:00,2025-02-10T01:48:23-08:00,0,0
projects/projects.js,11,js,054ac11d,Adrian,2025-02-10,01:48:23,-08:00,2025-02-10T01:48:23-08:00,0,39
projects/projects.js,12,js,054ac11d,Adrian,2025-02-10,01:48:23,-08:00,2025-02-10T01:48:23-08:00,0,43
projects/projects.js,13,js,054ac11d,Adrian,2025-02-10,01:48:23,-08:00,2025-02-10T01:48:23-08:00,0,45
projects/projects.js,14,js,054ac11d,Adrian,2025-02-10,01:48:23,-08:00,2025-02-10T01:48:23-08:00,0,0
projects/projects.js,15,js,054ac11d,Adrian,2025-02-10,01:48:23,-08:00,2025-02-10T01:48:23-08:00,0,58
projects/projects.js,16,js,054ac11d,Adrian,2025-02-10,01:48:23,-08:00,2025-02-10T01:48:23-08:00,0,30
projects/projects.js,17,js,054ac11d,Adrian,2025-02-10,01:48:23,-08:00,2025-02-10T01:48:23-08:00,0,13
projects/projects.js,18,js,054ac11d,Adrian,2025-02-10,01:48:23,-08:00,2025-02-10T01:48:23-08:00,0,15
projects/projects.js,19,js,054ac11d,Adrian,2025-02-10,01:48:23,-08:00,2025-02-10T01:48:23-08:00,0,13
projects/projects.js,20,js,054ac11d,Adrian,2025-02-10,01:48:23,-08:00,2025-02-10T01:48:23-08:00,0,1
projects/projects.js,21,js,054ac11d,Adrian,2025-02-10,01:48:23,-08:00,2025-02-10T01:48:23-08:00,0,51
projects/projects.js,22,js,054ac11d,Adrian,2025-02-10,01:48:23,-08:00,2025-02-10T01:48:23-08:00,0,36
projects/projects.js,23,js,054ac11d,Adrian,2025-02-10,01:48:23,-08:00,2025-02-10T01:48:23-08:00,0,2
projects/projects.js,24,js,054ac11d,Adrian,2025-02-10,01:48:23,-08:00,2025-02-10T01:48:23-08:00,0,54
projects/projects.js,25,js,054ac11d,Adrian,2025-02-10,01:48:23,-08:00,2025-02-10T01:48:23-08:00,0,43
projects/projects.js,26,js,054ac11d,Adrian,2025-02-10,01:48:23,-08:00,2025-02-10T01:48:23-08:00,0,52
projects/projects.js,27,js,054ac11d,Adrian,2025-02-10,01:48:23,-08:00,2025-02-10T01:48:23-08:00,0,48
projects/projects.js,28,js,054ac11d,Adrian,2025-02-10,01:48:23,-08:00,2025-02-10T01:48:23-08:00,0,22
projects/projects.js,29,js,054ac11d,Adrian,2025-02-10,01:48:23,-08:00,2025-02-10T01:48:23-08:00,0,26
projects/projects.js,30,js,054ac11d,Adrian,2025-02-10,01:48:23,-08:00,2025-02-10T01:48:23-08:00,0,30
projects/projects.js,31,js,054ac11d,Adrian,2025-02-10,01:48:23,-08:00,2025-02-10T01:48:23-08:00,0,2
projects/projects.js,32,js,054ac11d,Adrian,2025-02-10,01:48:23,-08:00,2025-02-10T01:48:23-08:00,0,14
projects/projects.js,33,js,054ac11d,Adrian,2025-02-10,01:48:23,-08:00,2025-02-10T01:48:23-08:00,0,14
projects/projects.js,34,js,054ac11d,Adrian,2025-02-10,01:48:23,-08:00,2025-02-10T01:48:23-08:00,0,25
projects/projects.js,35,js,054ac11d,Adrian,2025-02-10,01:48:23,-08:00,2025-02-10T01:48:23-08:00,0,19
projects/projects.js,36,js,054ac11d,Adrian,2025-02-10,01:48:23,-08:00,2025-02-10T01:48:23-08:00,0,48
projects/projects.js,37,js,054ac11d,Adrian,2025-02-10,01:48:23,-08:00,2025-02-10T01:48:23-08:00,0,0
projects/projects.js,38,js,054ac11d,Adrian,2025-02-10,01:48:23,-08:00,2025-02-10T01:48:23-08:00,0,2
projects/projects.js,39,js,054ac11d,Adrian,2025-02-10,01:48:23,-08:00,2025-02-10T01:48:23-08:00,0,17
projects/projects.js,40,js,054ac11d,Adrian,2025-02-10,01:48:23,-08:00,2025-02-10T01:48:23-08:00,0,27
projects/projects.js,41,js,054ac11d,Adrian,2025-02-10,01:48:23,-08:00,2025-02-10T01:48:23-08:00,0,40
projects/projects.js,42,js,054ac11d,Adrian,2025-02-10,01:48:23,-08:00,2025-02-10T01:48:23-08:00,0,2
projects/projects.js,43,js,054ac11d,Adrian,2025-02-10,01:48:23,-08:00,2025-02-10T01:48:23-08:00,0,0
projects/projects.js,44,js,054ac11d,Adrian,2025-02-10,01:48:23,-08:00,2025-02-10T01:48:23-08:00,0,19
projects/projects.js,45,js,054ac11d,Adrian,2025-02-10,01:48:23,-08:00,2025-02-10T01:48:23-08:00,0,15
projects/projects.js,46,js,054ac11d,Adrian,2025-02-10,01:48:23,-08:00,2025-02-10T01:48:23-08:00,0,69
projects/projects.js,47,js,054ac11d,Adrian,2025-02-10,01:48:23,-08:00,2025-02-10T01:48:23-08:00,0,0
projects/projects.js,48,js,054ac11d,Adrian,2025-02-10,01:48:23,-08:00,2025-02-10T01:48:23-08:00,0,26
projects/projects.js,49,js,054ac11d,Adrian,2025-02-10,01:48:23,-08:00,2025-02-10T01:48:23-08:00,0,49
projects/projects.js,50,js,054ac11d,Adrian,2025-02-10,01:48:23,-08:00,2025-02-10T01:48:23-08:00,0,7
projects/projects.js,51,js,054ac11d,Adrian,2025-02-10,01:48:23,-08:00,2025-02-10T01:48:23-08:00,0,47
projects/projects.js,52,js,054ac11d,Adrian,2025-02-10,01:48:23,-08:00,2025-02-10T01:48:23-08:00,0,82
projects/projects.js,53,js,054ac11d,Adrian,2025-02-10,01:48:23,-08:00,2025-02-10T01:48:23-08:00,0,57
projects/projects.js,54,js,054ac11d,Adrian,2025-02-10,01:48:23,-08:00,2025-02-10T01:48:23-08:00,0,0
projects/projects.js,55,js,054ac11d,Adrian,2025-02-10,01:48:23,-08:00,2025-02-10T01:48:23-08:00,0,2
projects/projects.js,56,js,054ac11d,Adrian,2025-02-10,01:48:23,-08:00,2025-02-10T01:48:23-08:00,0,1
projects/projects.js,57,js,054ac11d,Adrian,2025-02-10,01:48:23,-08:00,2025-02-10T01:48:23-08:00,0,33
projects/projects.js,58,js,054ac11d,Adrian,2025-02-10,01:48:23,-08:00,2025-02-10T01:48:23-08:00,0,28
projects/projects.js,59,js,054ac11d,Adrian,2025-02-10,01:48:23,-08:00,2025-02-10T01:48:23-08:00,0,18
projects/projects.js,60,js,054ac11d,Adrian,2025-02-10,01:48:23,-08:00,2025-02-10T01:48:23-08:00,0,39
projects/projects.js,61,js,054ac11d,Adrian,2025-02-10,01:48:23,-08:00,2025-02-10T01:48:23-08:00,0,70
projects/projects.js,62,js,054ac11d,Adrian,2025-02-10,01:48:23,-08:00,2025-02-10T01:48:23-08:00,0,0
projects/projects.js,63,js,054ac11d,Adrian,2025-02-10,01:48:23,-08:00,2025-02-10T01:48:23-08:00,0,5
projects/projects.js,64,js,054ac11d,Adrian,2025-02-10,01:48:23,-08:00,2025-02-10T01:48:23-08:00,0,15
projects/projects.js,65,js,054ac11d,Adrian,2025-02-10,01:48:23,-08:00,2025-02-10T01:48:23-08:00,0,27
projects/projects.js,66,js,054ac11d,Adrian,2025-02-10,01:48:23,-08:00,2025-02-10T01:48:23-08:00,0,40
projects/projects.js,67,js,054ac11d,Adrian,2025-02-10,01:48:23,-08:00,2025-02-10T01:48:23-08:00,0,2
projects/projects.js,68,js,054ac11d,Adrian,2025-02-10,01:48:23,-08:00,2025-02-10T01:48:23-08:00,0,2
projects/projects.js,69,js,054ac11d,Adrian,2025-02-10,01:48:23,-08:00,2025-02-10T01:48:23-08:00,0,0
projects/projects.js,70,js,054ac11d,Adrian,2025-02-10,01:48:23,-08:00,2025-02-10T01:48:23-08:00,0,0
projects/projects.js,71,js,054ac11d,Adrian,2025-02-10,01:48:23,-08:00,2025-02-10T01:48:23-08:00,0,24
projects/projects.js,72,js,a87e042c,Adrian,2025-02-08,21:40:04,-08:00,2025-02-08T21:40:04-08:00,0,0
projects/projects.js,73,js,a87e042c,Adrian,2025-02-08,21:40:04,-08:00,2025-02-08T21:40:04-08:00,0,0
projects/projects.js,74,js,a87e042c,Adrian,2025-02-08,21:40:04,-08:00,2025-02-08T21:40:04-08:00,0,14
projects/projects.js,75,js,a87e042c,Adrian,2025-02-08,21:40:04,-08:00,2025-02-08T21:40:04-08:00,0,54
projects/projects.js,76,js,7b82053a,Adrian,2025-02-08,23:07:48,-08:00,2025-02-08T23:07:48-08:00,0,0
projects/projects.js,77,js,7b82053a,Adrian,2025-02-08,23:07:48,-08:00,2025-02-08T23:07:48-08:00,0,49
projects/projects.js,78,js,a87e042c,Adrian,2025-02-08,21:40:04,-08:00,2025-02-08T21:40:04-08:00,0,26
projects/projects.js,79,js,a87e042c,Adrian,2025-02-08,21:40:04,-08:00,2025-02-08T21:40:04-08:00,0,52
projects/projects.js,80,js,a87e042c,Adrian,2025-02-08,21:40:04,-08:00,2025-02-08T21:40:04-08:00,0,60
projects/projects.js,81,js,a87e042c,Adrian,2025-02-08,21:40:04,-08:00,2025-02-08T21:40:04-08:00,0,43
projects/projects.js,82,js,a87e042c,Adrian,2025-02-08,21:40:04,-08:00,2025-02-08T21:40:04-08:00,0,2
projects/projects.js,83,js,a87e042c,Adrian,2025-02-08,21:40:04,-08:00,2025-02-08T21:40:04-08:00,0,0
projects/projects.js,84,js,a87e042c,Adrian,2025-02-08,21:40:04,-08:00,2025-02-08T21:40:04-08:00,0,57
projects/projects.js,85,js,054ac11d,Adrian,2025-02-10,01:48:23,-08:00,2025-02-10T01:48:23-08:00,0,32
projects/projects.js,86,js,054ac11d,Adrian,2025-02-10,01:48:23,-08:00,2025-02-10T01:48:23-08:00,0,2
projects/projects.js,87,js,054ac11d,Adrian,2025-02-10,01:48:23,-08:00,2025-02-10T01:48:23-08:00,0,0
projects/projects.js,88,js,054ac11d,Adrian,2025-02-10,01:48:23,-08:00,2025-02-10T01:48:23-08:00,0,25
projects/projects.js,89,js,054ac11d,Adrian,2025-02-10,01:48:23,-08:00,2025-02-10T01:48:23-08:00,0,29
projects/projects.js,90,js,054ac11d,Adrian,2025-02-10,01:48:23,-08:00,2025-02-10T01:48:23-08:00,0,35
projects/projects.js,91,js,054ac11d,Adrian,2025-02-10,01:48:23,-08:00,2025-02-10T01:48:23-08:00,0,33
projects/projects.js,92,js,054ac11d,Adrian,2025-02-10,01:48:23,-08:00,2025-02-10T01:48:23-08:00,0,9
projects/projects.js,93,js,054ac11d,Adrian,2025-02-10,01:48:23,-08:00,2025-02-10T01:48:23-08:00,0,23
projects/projects.js,94,js,054ac11d,Adrian,2025-02-10,01:48:23,-08:00,2025-02-10T01:48:23-08:00,0,23
projects/projects.js,95,js,054ac11d,Adrian,2025-02-10,01:48:23,-08:00,2025-02-10T01:48:23-08:00,0,32
projects/projects.js,96,js,054ac11d,Adrian,2025-02-10,01:48:23,-08:00,2025-02-10T01:48:23-08:00,0,28
projects/projects.js,97,js,054ac11d,Adrian,2025-02-10,01:48:23,-08:00,2025-02-10T01:48:23-08:00,0,55
projects/projects.js,98,js,054ac11d,Adrian,2025-02-10,01:48:23,-08:00,2025-02-10T01:48:23-08:00,0,0
projects/projects.js,99,js,054ac11d,Adrian,2025-02-10,01:48:23,-08:00,2025-02-10T01:48:23-08:00,0,13
projects/projects.js,100,js,054ac11d,Adrian,2025-02-10,01:48:23,-08:00,2025-02-10T01:48:23-08:00,0,30
projects/projects.js,101,js,054ac11d,Adrian,2025-02-10,01:48:23,-08:00,2025-02-10T01:48:23-08:00,0,40
projects/projects.js,102,js,054ac11d,Adrian,2025-02-10,01:48:23,-08:00,2025-02-10T01:48:23-08:00,0,55
projects/projects.js,103,js,054ac11d,Adrian,2025-02-10,01:48:23,-08:00,2025-02-10T01:48:23-08:00,0,15
projects/projects.js,104,js,054ac11d,Adrian,2025-02-10,01:48:23,-08:00,2025-02-10T01:48:23-08:00,0,0
projects/projects.js,105,js,054ac11d,Adrian,2025-02-10,01:48:23,-08:00,2025-02-10T01:48:23-08:00,0,30
projects/projects.js,106,js,054ac11d,Adrian,2025-02-10,01:48:23,-08:00,2025-02-10T01:48:23-08:00,0,28
projects/projects.js,107,js,054ac11d,Adrian,2025-02-10,01:48:23,-08:00,2025-02-10T01:48:23-08:00,0,82
projects/projects.js,108,js,054ac11d,Adrian,2025-02-10,01:48:23,-08:00,2025-02-10T01:48:23-08:00,0,0
projects/projects.js,109,js,054ac11d,Adrian,2025-02-10,01:48:23,-08:00,2025-02-10T01:48:23-08:00,0,37
projects/projects.js,110,js,054ac11d,Adrian,2025-02-10,01:48:23,-08:00,2025-02-10T01:48:23-08:00,0,64
projects/projects.js,111,js,054ac11d,Adrian,2025-02-10,01:48:23,-08:00,2025-02-10T01:48:23-08:00,0,18
projects/projects.js,112,js,054ac11d,Adrian,2025-02-10,01:48:23,-08:00,2025-02-10T01:48:23-08:00,0,62
projects/projects.js,113,js,054ac11d,Adrian,2025-02-10,01:48:23,-08:00,2025-02-10T01:48:23-08:00,0,97
projects/projects.js,114,js,054ac11d,Adrian,2025-02-10,01:48:23,-08:00,2025-02-10T01:48:23-08:00,0,72
projects/projects.js,115,js,054ac11d,Adrian,2025-02-10,01:48:23,-08:00,2025-02-10T01:48:23-08:00,0,11
projects/projects.js,116,js,054ac11d,Adrian,2025-02-10,01:48:23,-08:00,2025-02-10T01:48:23-08:00,0,11
projects/projects.js,117,js,054ac11d,Adrian,2025-02-10,01:48:23,-08:00,2025-02-10T01:48:23-08:00,0,7
projects/projects.js,118,js,054ac11d,Adrian,2025-02-10,01:48:23,-08:00,2025-02-10T01:48:23-08:00,0,0
projects/projects.js,119,js,054ac11d,Adrian,2025-02-10,01:48:23,-08:00,2025-02-10T01:48:23-08:00,0,8
projects/projects.js,120,js,054ac11d,Adrian,2025-02-10,01:48:23,-08:00,2025-02-10T01:48:23-08:00,0,18
projects/projects.js,121,js,054ac11d,Adrian,2025-02-10,01:48:23,-08:00,2025-02-10T01:48:23-08:00,0,30
projects/projects.js,122,js,054ac11d,Adrian,2025-02-10,01:48:23,-08:00,2025-02-10T01:48:23-08:00,0,69
projects/projects.js,123,js,054ac11d,Adrian,2025-02-10,01:48:23,-08:00,2025-02-10T01:48:23-08:00,0,5
projects/index.html,1,html,2859fe17,Adrian,2025-01-31,11:41:11,-08:00,2025-01-31T11:41:11-08:00,0,14
projects/index.html,2,html,2859fe17,Adrian,2025-01-31,11:41:11,-08:00,2025-01-31T11:41:11-08:00,0,15
projects/index.html,3,html,8b8f22d3,Adrian,2025-01-16,20:59:13,-08:00,2025-01-16T20:59:13-08:00,0,5
projects/index.html,4,html,2859fe17,Adrian,2025-01-31,11:41:11,-08:00,2025-01-31T11:41:11-08:00,0,21
projects/index.html,5,html,2859fe17,Adrian,2025-01-31,11:41:11,-08:00,2025-01-31T11:41:11-08:00,0,69
projects/index.html,6,html,2859fe17,Adrian,2025-01-31,11:41:11,-08:00,2025-01-31T11:41:11-08:00,0,22
projects/index.html,7,html,8b8f22d3,Adrian,2025-01-16,20:59:13,-08:00,2025-01-16T20:59:13-08:00,0,42
projects/index.html,8,html,8b8f22d3,Adrian,2025-01-16,20:59:13,-08:00,2025-01-16T20:59:13-08:00,0,6
projects/index.html,9,html,054ac11d,Adrian,2025-02-10,01:48:23,-08:00,2025-02-10T01:48:23-08:00,0,0
projects/index.html,10,html,054ac11d,Adrian,2025-02-10,01:48:23,-08:00,2025-02-10T01:48:23-08:00,0,22
projects/index.html,11,html,054ac11d,Adrian,2025-02-10,01:48:23,-08:00,2025-02-10T01:48:23-08:00,0,39
projects/index.html,12,html,054ac11d,Adrian,2025-02-10,01:48:23,-08:00,2025-02-10T01:48:23-08:00,0,0
projects/index.html,13,html,054ac11d,Adrian,2025-02-10,01:48:23,-08:00,2025-02-10T01:48:23-08:00,0,22
projects/index.html,14,html,054ac11d,Adrian,2025-02-10,01:48:23,-08:00,2025-02-10T01:48:23-08:00,0,59
projects/index.html,15,html,054ac11d,Adrian,2025-02-10,01:48:23,-08:00,2025-02-10T01:48:23-08:00,0,23
projects/index.html,16,html,054ac11d,Adrian,2025-02-10,01:48:23,-08:00,2025-02-10T01:48:23-08:00,0,5
projects/index.html,17,html,054ac11d,Adrian,2025-02-10,01:48:23,-08:00,2025-02-10T01:48:23-08:00,0,5
projects/index.html,18,html,054ac11d,Adrian,2025-02-10,01:48:23,-08:00,2025-02-10T01:48:23-08:00,0,16
projects/index.html,19,html,054ac11d,Adrian,2025-02-10,01:48:23,-08:00,2025-02-10T01:48:23-08:00,0,12
projects/index.html,20,html,054ac11d,Adrian,2025-02-10,01:48:23,-08:00,2025-02-10T01:48:23-08:00,0,27
projects/index.html,21,html,054ac11d,Adrian,2025-02-10,01:48:23,-08:00,2025-02-10T01:48:23-08:00,0,32
projects/index.html,22,html,054ac11d,Adrian,2025-02-10,01:48:23,-08:00,2025-02-10T01:48:23-08:00,0,1
projects/index.html,23,html,054ac11d,Adrian,2025-02-10,01:48:23,-08:00,2025-02-10T01:48:23-08:00,0,21
projects/index.html,24,html,054ac11d,Adrian,2025-02-10,01:48:23,-08:00,2025-02-10T01:48:23-08:00,0,0
projects/index.html,25,html,054ac11d,Adrian,2025-02-10,01:48:23,-08:00,2025-02-10T01:48:23-08:00,0,49
projects/index.html,26,html,054ac11d,Adrian,2025-02-10,01:48:23,-08:00,2025-02-10T01:48:23-08:00,0,48
projects/index.html,27,html,054ac11d,Adrian,2025-02-10,01:48:23,-08:00,2025-02-10T01:48:23-08:00,0,63
projects/index.html,28,html,054ac11d,Adrian,2025-02-10,01:48:23,-08:00,2025-02-10T01:48:23-08:00,0,5
meta/index.html,1,html,fae7e3fa,Adrian,2025-02-13,11:26:17,-08:00,2025-02-13T11:26:17-08:00,0,14
meta/index.html,2,html,fae7e3fa,Adrian,2025-02-13,11:26:17,-08:00,2025-02-13T11:26:17-08:00,0,15
meta/index.html,3,html,fae7e3fa,Adrian,2025-02-13,11:26:17,-08:00,2025-02-13T11:26:17-08:00,0,5
meta/index.html,4,html,fae7e3fa,Adrian,2025-02-13,11:26:17,-08:00,2025-02-13T11:26:17-08:00,0,21
meta/index.html,5,html,fae7e3fa,Adrian,2025-02-13,11:26:17,-08:00,2025-02-13T11:26:17-08:00,0,69
meta/index.html,6,html,fae7e3fa,Adrian,2025-02-13,11:26:17,-08:00,2025-02-13T11:26:17-08:00,0,23
meta/index.html,7,html,68f37182,Adrian,2025-02-13,11:30:56,-08:00,2025-02-13T11:30:56-08:00,0,42
meta/index.html,8,html,fae7e3fa,Adrian,2025-02-13,11:26:17,-08:00,2025-02-13T11:26:17-08:00,0,6
meta/index.html,9,html,fae7e3fa,Adrian,2025-02-13,11:26:17,-08:00,2025-02-13T11:26:17-08:00,0,5
meta/index.html,10,html,fae7e3fa,Adrian,2025-02-13,11:26:17,-08:00,2025-02-13T11:26:17-08:00,0,12
meta/index.html,11,html,68f37182,Adrian,2025-02-13,11:30:56,-08:00,2025-02-13T11:30:56-08:00,0,6
meta/index.html,12,html,68f37182,Adrian,2025-02-13,11:30:56,-08:00,2025-02-13T11:30:56-08:00,0,49
meta/index.html,13,html,68f37182,Adrian,2025-02-13,11:30:56,-08:00,2025-02-13T11:30:56-08:00,0,60
meta/index.html,14,html,d9851e13,Adrian,2025-02-13,11:37:23,-08:00,2025-02-13T11:37:23-08:00,0,54
contact/index.html,1,html,8b8f22d3,Adrian,2025-01-16,20:59:13,-08:00,2025-01-16T20:59:13-08:00,0,5
contact/index.html,2,html,8b8f22d3,Adrian,2025-01-16,20:59:13,-08:00,2025-01-16T20:59:13-08:00,0,42
contact/index.html,3,html,8b8f22d3,Adrian,2025-01-16,20:59:13,-08:00,2025-01-16T20:59:13-08:00,0,6
contact/index.html,4,html,df4ade45,Adrian,2025-01-24,01:09:21,-08:00,2025-01-24T01:09:21-08:00,0,9
contact/index.html,5,html,5c69dbb7,Adrian,2025-01-10,10:26:06,-08:00,2025-01-10T10:26:06-08:00,0,40
contact/index.html,6,html,5c69dbb7,Adrian,2025-01-10,10:26:06,-08:00,2025-01-10T10:26:06-08:00,0,53
contact/index.html,7,html,df4ade45,Adrian,2025-01-24,01:09:21,-08:00,2025-01-24T01:09:21-08:00,0,40
contact/index.html,8,html,5c69dbb7,Adrian,2025-01-10,10:26:06,-08:00,2025-01-10T10:26:06-08:00,0,49
contact/index.html,9,html,5c69dbb7,Adrian,2025-01-10,10:26:06,-08:00,2025-01-10T10:26:06-08:00,0,83
contact/index.html,10,html,df4ade45,Adrian,2025-01-24,01:09:21,-08:00,2025-01-24T01:09:21-08:00,0,9
contact/index.html,11,html,71458f92,Adrian,2025-01-09,23:38:58,-08:00,2025-01-09T23:38:58-08:00,0,21
contact/index.html,12,html,71458f92,Adrian,2025-01-09,23:38:58,-08:00,2025-01-09T23:38:58-08:00,0,15
contact/index.html,13,html,71458f92,Adrian,2025-01-09,23:38:58,-08:00,2025-01-09T23:38:58-08:00,0,0
contact/index.html,14,html,df4ade45,Adrian,2025-01-24,01:09:21,-08:00,2025-01-24T01:09:21-08:00,0,38
contact/index.html,15,html,71458f92,Adrian,2025-01-09,23:38:58,-08:00,2025-01-09T23:38:58-08:00,0,6
contact/index.html,16,html,71458f92,Adrian,2025-01-09,23:38:58,-08:00,2025-01-09T23:38:58-08:00,0,5
contact/index.html,17,html,71458f92,Adrian,2025-01-09,23:38:58,-08:00,2025-01-09T23:38:58-08:00,0,57
contact/index.html,18,html,71458f92,Adrian,2025-01-09,23:38:58,-08:00,2025-01-09T23:38:58-08:00,0,7
contact/index.html,19,html,71458f92,Adrian,2025-01-09,23:38:58,-08:00,2025-01-09T23:38:58-08:00,0,6
contact/index.html,20,html,71458f92,Adrian,2025-01-09,23:38:58,-08:00,2025-01-09T23:38:58-08:00,0,7
contact/index.html,21,html,71458f92,Adrian,2025-01-09,23:38:58,-08:00,2025-01-09T23:38:58-08:00,0,52
contact/index.html,22,html,71458f92,Adrian,2025-01-09,23:38:58,-08:00,2025-01-09T23:38:58-08:00,0,7
contact/index.html,23,html,71458f92,Adrian,2025-01-09,23:38:58,-08:00,2025-01-09T23:38:58-08:00,0,6
contact/index.html,24,html,71458f92,Adrian,2025-01-09,23:38:58,-08:00,2025-01-09T23:38:58-08:00,0,4
contact/index.html,25,html,71458f92,Adrian,2025-01-09,23:38:58,-08:00,2025-01-09T23:38:58-08:00,0,56
contact/index.html,26,html,71458f92,Adrian,2025-01-09,23:38:58,-08:00,2025-01-09T23:38:58-08:00,0,7
contact/index.html,27,html,71458f92,Adrian,2025-01-09,23:38:58,-08:00,2025-01-09T23:38:58-08:00,0,22
contact/index.html,28,html,df4ade45,Adrian,2025-01-24,01:09:21,-08:00,2025-01-24T01:09:21-08:00,0,6
contact/index.html,29,html,df4ade45,Adrian,2025-01-24,01:09:21,-08:00,2025-01-24T01:09:21-08:00,0,49
